Transaction ID,Date,Customer ID,Product Category,Quantity,Price per Unit,Total Amount
1,24-11-2023,CUST001,Beauty,3,50,150
2,27-02-2023,CUST002,Clothing,2,500,1000
3,13-01-2023,CUST003,Electronics,1,30,30
4,21-05-2023,CUST004,Clothing,1,500,500
5,06-05-2023,CUST005,Beauty,2,50,100
6,25-04-2023,CUST006,Beauty,1,30,30
7,13-03-2023,CUST007,Clothing,2,25,50
8,22-02-2023,CUST008,Electronics,4,25,100
9,13-12-2023,CUST009,Electronics,2,300,600
10,07-10-2023,CUST010,Clothing,4,50,200
11,14-02-2023,CUST011,Clothing,2,50,100
12,30-10-2023,CUST012,Beauty,3,25,75
13,05-08-2023,CUST013,Electronics,3,500,1500
14,17-01-2023,CUST014,Clothing,4,30,120
15,16-01-2023,CUST015,Electronics,4,500,2000
16,17-02-2023,CUST016,Clothing,3,500,1500
17,22-04-2023,CUST017,Clothing,4,25,100
18,30-04-2023,CUST018,Electronics,2,25,50
19,16-09-2023,CUST019,Clothing,2,25,50
20,05-11-2023,CUST020,Clothing,3,300,900
21,14-01-2023,CUST021,Beauty,1,500,500
22,15-10-2023,CUST022,Clothing,2,50,100
23,12-04-2023,CUST023,Clothing,4,30,120
24,29-11-2023,CUST024,Clothing,1,300,300
25,26-12-2023,CUST025,Beauty,1,50,50
26,07-10-2023,CUST026,Electronics,2,500,1000
27,03-08-2023,CUST027,Beauty,2,25,50
28,23-04-2023,CUST028,Beauty,1,500,500
29,18-08-2023,CUST029,Electronics,1,30,30
30,29-10-2023,CUST030,Beauty,3,300,900
31,23-05-2023,CUST031,Electronics,4,300,1200
32,04-01-2023,CUST032,Beauty,3,30,90
33,23-03-2023,CUST033,Electronics,2,50,100
34,24-12-2023,CUST034,Clothing,3,50,150
35,05-08-2023,CUST035,Beauty,3,300,900
36,24-06-2023,CUST036,Beauty,3,300,900
37,23-05-2023,CUST037,Beauty,3,25,75
38,21-03-2023,CUST038,Beauty,4,50,200
39,21-04-2023,CUST039,Clothing,4,30,120
40,22-06-2023,CUST040,Beauty,1,50,50
41,22-02-2023,CUST041,Clothing,2,25,50
42,17-02-2023,CUST042,Clothing,3,300,900
43,14-07-2023,CUST043,Clothing,1,300,300
44,19-02-2023,CUST044,Clothing,1,25,25
45,03-07-2023,CUST045,Electronics,1,30,30
46,26-06-2023,CUST046,Electronics,4,300,1200
47,06-11-2023,CUST047,Beauty,3,500,1500
48,16-05-2023,CUST048,Electronics,3,300,900
49,23-01-2023,CUST049,Electronics,2,500,1000
50,24-08-2023,CUST050,Beauty,3,25,75
51,02-10-2023,CUST051,Beauty,3,25,75
52,05-03-2023,CUST052,Beauty,1,300,300
53,13-07-2023,CUST053,Electronics,2,50,100
54,10-02-2023,CUST054,Electronics,3,500,1500
55,10-10-2023,CUST055,Beauty,4,30,120
56,31-05-2023,CUST056,Clothing,3,300,900
57,18-11-2023,CUST057,Beauty,1,30,30
58,13-11-2023,CUST058,Clothing,4,300,1200
59,05-07-2023,CUST059,Clothing,1,50,50
60,23-10-2023,CUST060,Beauty,3,50,150
61,09-04-2023,CUST061,Beauty,4,50,200
62,27-12-2023,CUST062,Beauty,2,50,100
63,05-02-2023,CUST063,Electronics,2,25,50
64,24-01-2023,CUST064,Clothing,4,25,100
65,05-12-2023,CUST065,Electronics,4,500,2000
66,27-04-2023,CUST066,Electronics,1,30,30
67,29-05-2023,CUST067,Beauty,4,300,1200
68,10-02-2023,CUST068,Electronics,1,300,300
69,30-04-2023,CUST069,Beauty,3,25,75
70,21-02-2023,CUST070,Clothing,1,300,300
71,14-07-2023,CUST071,Beauty,4,25,100
72,23-05-2023,CUST072,Electronics,4,500,2000
73,21-08-2023,CUST073,Electronics,3,30,90
74,22-11-2023,CUST074,Beauty,4,500,2000
75,06-07-2023,CUST075,Beauty,4,50,200
76,25-03-2023,CUST076,Electronics,2,50,100
77,09-07-2023,CUST077,Clothing,2,50,100
78,01-07-2023,CUST078,Clothing,3,500,1500
79,18-04-2023,CUST079,Beauty,1,300,300
80,10-12-2023,CUST080,Clothing,2,30,60
81,17-05-2023,CUST081,Electronics,1,50,50
82,26-12-2023,CUST082,Beauty,4,50,200
83,16-12-2023,CUST083,Electronics,2,50,100
84,28-11-2023,CUST084,Electronics,3,30,90
85,06-02-2023,CUST085,Clothing,3,50,150
86,08-11-2023,CUST086,Beauty,3,30,90
87,22-11-2023,CUST087,Beauty,2,50,100
88,29-03-2023,CUST088,Clothing,1,500,500
89,01-10-2023,CUST089,Electronics,4,500,2000
90,06-05-2023,CUST090,Electronics,1,30,30
91,25-03-2023,CUST091,Electronics,1,500,500
92,25-08-2023,CUST092,Electronics,4,30,120
93,14-07-2023,CUST093,Beauty,4,500,2000
94,19-05-2023,CUST094,Beauty,2,500,1000
95,24-11-2023,CUST095,Clothing,2,30,60
96,19-12-2023,CUST096,Clothing,2,300,600
97,13-10-2023,CUST097,Beauty,2,500,1000
98,23-04-2023,CUST098,Beauty,2,50,100
99,17-12-2023,CUST099,Electronics,4,300,1200
100,16-06-2023,CUST100,Electronics,1,30,30
101,29-01-2023,CUST101,Clothing,2,300,600
102,28-04-2023,CUST102,Beauty,2,25,50
103,17-01-2023,CUST103,Clothing,1,25,25
104,11-06-2023,CUST104,Beauty,2,500,1000
105,25-07-2023,CUST105,Electronics,1,500,500
106,18-05-2023,CUST106,Clothing,1,50,50
107,03-02-2023,CUST107,Clothing,4,300,1200
108,19-04-2023,CUST108,Beauty,3,25,75
109,18-10-2023,CUST109,Electronics,4,500,2000
110,11-06-2023,CUST110,Clothing,3,300,900
111,19-04-2023,CUST111,Electronics,3,500,1500
112,02-12-2023,CUST112,Clothing,3,500,1500
113,13-09-2023,CUST113,Electronics,2,25,50
114,22-07-2023,CUST114,Beauty,4,25,100
115,26-11-2023,CUST115,Clothing,3,500,1500
116,23-08-2023,CUST116,Clothing,1,30,30
117,15-03-2023,CUST117,Electronics,2,500,1000
118,16-05-2023,CUST118,Electronics,4,500,2000
119,13-03-2023,CUST119,Clothing,3,50,150
120,07-05-2023,CUST120,Beauty,1,50,50
121,15-10-2023,CUST121,Electronics,4,50,200
122,03-10-2023,CUST122,Electronics,4,30,120
123,15-05-2023,CUST123,Electronics,2,30,60
124,27-10-2023,CUST124,Clothing,4,500,2000
125,08-08-2023,CUST125,Clothing,2,50,100
126,26-10-2023,CUST126,Clothing,3,30,90
127,24-07-2023,CUST127,Clothing,2,25,50
128,05-07-2023,CUST128,Beauty,1,500,500
129,23-04-2023,CUST129,Beauty,2,300,600
130,12-03-2023,CUST130,Clothing,1,500,500
131,18-09-2023,CUST131,Beauty,2,300,600
132,10-09-2023,CUST132,Electronics,4,50,200
133,16-02-2023,CUST133,Electronics,3,300,900
134,25-01-2023,CUST134,Electronics,1,50,50
135,26-02-2023,CUST135,Clothing,2,25,50
136,20-03-2023,CUST136,Electronics,2,300,600
137,18-11-2023,CUST137,Beauty,2,500,1000
138,23-03-2023,CUST138,Clothing,4,50,200
139,15-12-2023,CUST139,Beauty,4,500,2000
140,05-08-2023,CUST140,Electronics,1,30,30
141,02-11-2023,CUST141,Electronics,1,50,50
142,02-02-2023,CUST142,Electronics,4,300,1200
143,17-07-2023,CUST143,Clothing,1,50,50
144,15-07-2023,CUST144,Beauty,3,500,1500
145,02-11-2023,CUST145,Clothing,3,25,75
146,28-08-2023,CUST146,Clothing,4,50,200
147,28-09-2023,CUST147,Electronics,1,300,300
148,09-05-2023,CUST148,Clothing,2,30,60
149,11-10-2023,CUST149,Clothing,3,25,75
150,06-01-2023,CUST150,Electronics,4,30,120
151,15-12-2023,CUST151,Clothing,1,50,50
152,28-02-2023,CUST152,Electronics,4,500,2000
153,16-12-2023,CUST153,Electronics,2,500,1000
154,02-10-2023,CUST154,Electronics,3,300,900
155,17-05-2023,CUST155,Electronics,4,500,2000
156,25-11-2023,CUST156,Clothing,4,25,100
157,24-06-2023,CUST157,Electronics,4,500,2000
158,27-02-2023,CUST158,Electronics,2,300,600
159,31-05-2023,CUST159,Clothing,4,50,200
160,11-08-2023,CUST160,Clothing,2,50,100
161,22-03-2023,CUST161,Beauty,2,500,1000
162,21-08-2023,CUST162,Clothing,2,30,60
163,02-01-2023,CUST163,Clothing,3,50,150
164,15-05-2023,CUST164,Beauty,3,500,1500
165,14-09-2023,CUST165,Clothing,4,300,1200
166,02-04-2023,CUST166,Clothing,4,500,2000
167,17-09-2023,CUST167,Clothing,3,50,150
168,24-02-2023,CUST168,Clothing,1,300,300
169,17-11-2023,CUST169,Beauty,3,500,1500
170,02-06-2023,CUST170,Clothing,2,25,50
171,24-11-2023,CUST171,Clothing,3,300,900
172,17-09-2023,CUST172,Beauty,2,25,50
173,08-11-2023,CUST173,Electronics,4,30,120
174,12-04-2023,CUST174,Beauty,1,300,300
175,20-03-2023,CUST175,Electronics,4,25,100
176,11-07-2023,CUST176,Beauty,2,50,100
177,24-03-2023,CUST177,Beauty,2,50,100
178,04-10-2023,CUST178,Clothing,2,30,60
179,29-09-2023,CUST179,Electronics,1,300,300
180,01-01-2023,CUST180,Clothing,3,300,900
181,03-11-2023,CUST181,Electronics,4,300,1200
182,15-06-2023,CUST182,Beauty,4,30,120
183,08-09-2023,CUST183,Beauty,3,300,900
184,10-01-2023,CUST184,Electronics,4,50,200
185,27-02-2023,CUST185,Clothing,1,25,25
186,05-07-2023,CUST186,Clothing,4,50,200
187,07-06-2023,CUST187,Clothing,2,50,100
188,03-05-2023,CUST188,Clothing,3,25,75
189,30-01-2023,CUST189,Beauty,1,50,50
190,04-05-2023,CUST190,Beauty,3,30,90
191,18-10-2023,CUST191,Beauty,1,25,25
192,10-02-2023,CUST192,Beauty,2,50,100
193,13-02-2023,CUST193,Beauty,3,500,1500
194,06-09-2023,CUST194,Clothing,4,50,200
195,05-02-2023,CUST195,Clothing,1,30,30
196,30-09-2023,CUST196,Clothing,3,300,900
197,06-03-2023,CUST197,Clothing,4,50,200
198,07-03-2023,CUST198,Beauty,3,300,900
199,04-12-2023,CUST199,Beauty,3,500,1500
200,01-09-2023,CUST200,Beauty,3,50,150
201,09-10-2023,CUST201,Electronics,1,25,25
202,26-03-2023,CUST202,Clothing,4,300,1200
203,16-05-2023,CUST203,Clothing,2,500,1000
204,28-09-2023,CUST204,Beauty,1,25,25
205,07-11-2023,CUST205,Clothing,1,25,25
206,05-08-2023,CUST206,Clothing,1,25,25
207,19-04-2023,CUST207,Beauty,2,25,50
208,04-10-2023,CUST208,Electronics,4,50,200
209,20-12-2023,CUST209,Electronics,4,50,200
210,13-04-2023,CUST210,Electronics,4,50,200
211,01-01-2024,CUST211,Beauty,3,500,1500
212,09-06-2023,CUST212,Clothing,3,500,1500
213,24-07-2023,CUST213,Beauty,3,500,1500
214,10-12-2023,CUST214,Beauty,2,30,60
215,29-11-2023,CUST215,Clothing,3,500,1500
216,11-07-2023,CUST216,Electronics,2,50,100
217,13-08-2023,CUST217,Electronics,4,50,200
218,22-09-2023,CUST218,Beauty,3,30,90
219,20-08-2023,CUST219,Electronics,3,30,90
220,03-03-2023,CUST220,Beauty,1,500,500
221,07-05-2023,CUST221,Beauty,2,300,600
222,26-04-2023,CUST222,Clothing,4,30,120
223,02-02-2023,CUST223,Clothing,1,25,25
224,23-06-2023,CUST224,Clothing,1,50,50
225,11-01-2023,CUST225,Beauty,4,25,100
226,29-10-2023,CUST226,Clothing,1,50,50
227,11-10-2023,CUST227,Electronics,2,50,100
228,28-04-2023,CUST228,Electronics,2,30,60
229,29-10-2023,CUST229,Beauty,3,30,90
230,23-04-2023,CUST230,Beauty,1,25,25
231,04-01-2023,CUST231,Clothing,3,50,150
232,06-02-2023,CUST232,Beauty,1,25,25
233,29-12-2023,CUST233,Beauty,2,300,600
234,20-11-2023,CUST234,Electronics,2,25,50
235,31-01-2023,CUST235,Electronics,2,500,1000
236,28-04-2023,CUST236,Clothing,1,25,25
237,04-02-2023,CUST237,Beauty,2,500,1000
238,17-01-2023,CUST238,Beauty,1,500,500
239,19-06-2023,CUST239,Electronics,3,500,1500
240,06-02-2023,CUST240,Beauty,1,300,300
241,21-09-2023,CUST241,Electronics,3,25,75
242,02-05-2023,CUST242,Clothing,1,25,25
243,23-05-2023,CUST243,Electronics,3,300,900
244,09-12-2023,CUST244,Beauty,2,50,100
245,06-09-2023,CUST245,Clothing,3,30,90
246,20-04-2023,CUST246,Electronics,2,25,50
247,04-10-2023,CUST247,Electronics,2,30,60
248,09-03-2023,CUST248,Clothing,3,300,900
249,20-10-2023,CUST249,Clothing,1,50,50
250,23-10-2023,CUST250,Electronics,1,50,50
251,31-08-2023,CUST251,Beauty,4,50,200
252,05-05-2023,CUST252,Electronics,1,300,300
253,31-08-2023,CUST253,Clothing,4,500,2000
254,28-07-2023,CUST254,Electronics,1,500,500
255,08-04-2023,CUST255,Clothing,1,30,30
256,18-02-2023,CUST256,Clothing,2,500,1000
257,19-02-2023,CUST257,Beauty,4,500,2000
258,04-12-2023,CUST258,Clothing,1,50,50
259,09-08-2023,CUST259,Clothing,4,50,200
260,01-07-2023,CUST260,Beauty,2,30,60
261,05-08-2023,CUST261,Clothing,2,25,50
262,30-07-2023,CUST262,Beauty,4,30,120
263,28-08-2023,CUST263,Beauty,2,30,60
264,28-01-2023,CUST264,Clothing,3,300,900
265,11-12-2023,CUST265,Clothing,3,300,900
266,01-12-2023,CUST266,Electronics,2,30,60
267,27-11-2023,CUST267,Beauty,3,30,90
268,20-02-2023,CUST268,Electronics,1,30,30
269,01-02-2023,CUST269,Clothing,4,500,2000
270,26-07-2023,CUST270,Electronics,1,300,300
271,23-06-2023,CUST271,Beauty,4,30,120
272,25-02-2023,CUST272,Electronics,2,50,100
273,08-05-2023,CUST273,Beauty,1,50,50
274,09-04-2023,CUST274,Clothing,2,500,1000
275,08-04-2023,CUST275,Clothing,2,500,1000
276,02-10-2023,CUST276,Beauty,4,25,100
277,18-08-2023,CUST277,Clothing,4,25,100
278,13-03-2023,CUST278,Clothing,4,25,100
279,05-08-2023,CUST279,Clothing,1,500,500
280,04-04-2023,CUST280,Clothing,3,500,1500
281,23-05-2023,CUST281,Beauty,4,500,2000
282,25-08-2023,CUST282,Electronics,4,50,200
283,08-05-2023,CUST283,Electronics,1,500,500
284,08-02-2023,CUST284,Clothing,4,50,200
285,15-08-2023,CUST285,Electronics,1,25,25
286,09-10-2023,CUST286,Electronics,2,25,50
287,20-02-2023,CUST287,Clothing,4,25,100
288,26-01-2023,CUST288,Clothing,4,30,120
289,30-11-2023,CUST289,Electronics,2,30,60
290,04-10-2023,CUST290,Beauty,2,300,600
291,08-01-2023,CUST291,Clothing,2,300,600
292,17-02-2023,CUST292,Beauty,4,300,1200
293,02-05-2023,CUST293,Electronics,3,30,90
294,27-03-2023,CUST294,Clothing,3,30,90
295,28-07-2023,CUST295,Beauty,3,300,900
296,06-09-2023,CUST296,Clothing,4,300,1200
297,04-09-2023,CUST297,Electronics,2,500,1000
298,20-04-2023,CUST298,Beauty,4,300,1200
299,25-07-2023,CUST299,Electronics,2,500,1000
300,31-01-2023,CUST300,Electronics,4,50,200
301,26-03-2023,CUST301,Clothing,4,30,120
302,14-07-2023,CUST302,Beauty,2,300,600
303,02-01-2023,CUST303,Electronics,3,30,90
304,19-07-2023,CUST304,Electronics,2,30,60
305,16-05-2023,CUST305,Beauty,1,30,30
306,21-08-2023,CUST306,Electronics,1,50,50
307,27-05-2023,CUST307,Electronics,2,25,50
308,05-08-2023,CUST308,Beauty,4,300,1200
309,23-12-2023,CUST309,Beauty,1,25,25
310,12-10-2023,CUST310,Beauty,1,25,25
311,05-12-2023,CUST311,Beauty,4,25,100
312,07-09-2023,CUST312,Clothing,4,30,120
313,21-03-2023,CUST313,Beauty,3,500,1500
314,08-04-2023,CUST314,Clothing,4,30,120
315,01-06-2023,CUST315,Clothing,2,30,60
316,22-04-2023,CUST316,Clothing,2,25,50
317,30-01-2023,CUST317,Electronics,3,30,90
318,24-10-2023,CUST318,Clothing,1,25,25
319,05-10-2023,CUST319,Clothing,1,500,500
320,01-02-2023,CUST320,Electronics,4,300,1200
321,10-06-2023,CUST321,Electronics,2,25,50
322,30-01-2023,CUST322,Electronics,1,500,500
323,26-01-2023,CUST323,Beauty,3,300,900
324,27-10-2023,CUST324,Electronics,3,50,150
325,02-09-2023,CUST325,Electronics,2,25,50
326,15-09-2023,CUST326,Clothing,3,25,75
327,29-09-2023,CUST327,Electronics,3,50,150
328,22-03-2023,CUST328,Beauty,2,50,100
329,30-01-2023,CUST329,Electronics,4,25,100
330,18-09-2023,CUST330,Beauty,4,50,200
331,11-02-2023,CUST331,Electronics,3,30,90
332,06-04-2023,CUST332,Electronics,4,300,1200
333,05-02-2023,CUST333,Electronics,4,300,1200
334,01-11-2023,CUST334,Electronics,3,300,900
335,04-02-2023,CUST335,Beauty,4,30,120
336,12-12-2023,CUST336,Beauty,3,50,150
337,01-05-2023,CUST337,Clothing,1,500,500
338,26-07-2023,CUST338,Beauty,2,50,100
339,03-03-2023,CUST339,Electronics,2,25,50
340,19-10-2023,CUST340,Clothing,4,300,1200
341,07-05-2023,CUST341,Clothing,4,50,200
342,24-10-2023,CUST342,Clothing,4,500,2000
343,01-11-2023,CUST343,Electronics,2,25,50
344,21-01-2023,CUST344,Beauty,1,30,30
345,14-11-2023,CUST345,Electronics,1,30,30
346,11-02-2023,CUST346,Clothing,2,500,1000
347,03-08-2023,CUST347,Electronics,1,25,25
348,03-12-2023,CUST348,Electronics,2,300,600
349,26-10-2023,CUST349,Beauty,1,50,50
350,17-10-2023,CUST350,Beauty,3,25,75
351,25-09-2023,CUST351,Clothing,3,30,90
352,11-06-2023,CUST352,Electronics,2,500,1000
353,14-05-2023,CUST353,Electronics,1,500,500
354,15-04-2023,CUST354,Beauty,4,50,200
355,09-12-2023,CUST355,Electronics,1,500,500
356,10-06-2023,CUST356,Electronics,3,500,1500
357,03-05-2023,CUST357,Electronics,3,25,75
358,16-05-2023,CUST358,Beauty,1,300,300
359,22-07-2023,CUST359,Clothing,1,50,50
360,09-03-2023,CUST360,Clothing,4,25,100
361,10-12-2023,CUST361,Electronics,4,300,1200
362,27-11-2023,CUST362,Clothing,1,25,25
363,03-06-2023,CUST363,Beauty,1,25,25
364,23-08-2023,CUST364,Beauty,1,500,500
365,11-06-2023,CUST365,Clothing,1,300,300
366,07-02-2023,CUST366,Clothing,2,50,100
367,05-01-2023,CUST367,Electronics,1,50,50
368,23-08-2023,CUST368,Clothing,4,300,1200
369,15-11-2023,CUST369,Electronics,3,500,1500
370,16-10-2023,CUST370,Electronics,2,30,60
371,21-02-2023,CUST371,Beauty,1,25,25
372,07-02-2023,CUST372,Beauty,3,500,1500
373,03-10-2023,CUST373,Beauty,2,300,600
374,20-04-2023,CUST374,Beauty,3,25,75
375,17-09-2023,CUST375,Clothing,1,50,50
376,16-05-2023,CUST376,Beauty,1,30,30
377,09-03-2023,CUST377,Clothing,4,50,200
378,28-06-2023,CUST378,Beauty,1,300,300
379,05-02-2023,CUST379,Clothing,1,25,25
380,06-05-2023,CUST380,Electronics,2,300,600
381,09-07-2023,CUST381,Clothing,4,25,100
382,26-05-2023,CUST382,Clothing,2,500,1000
383,22-03-2023,CUST383,Beauty,3,30,90
384,13-08-2023,CUST384,Clothing,1,500,500
385,06-10-2023,CUST385,Electronics,3,500,1500
386,27-12-2023,CUST386,Electronics,2,300,600
387,04-06-2023,CUST387,Beauty,1,30,30
388,10-11-2023,CUST388,Electronics,1,25,25
389,01-12-2023,CUST389,Clothing,2,25,50
390,28-09-2023,CUST390,Electronics,2,50,100
391,05-01-2023,CUST391,Beauty,2,25,50
392,08-12-2023,CUST392,Clothing,2,300,600
393,11-10-2023,CUST393,Beauty,2,500,1000
394,03-06-2023,CUST394,Clothing,1,500,500
395,06-12-2023,CUST395,Electronics,2,500,1000
396,23-02-2023,CUST396,Beauty,1,30,30
397,10-03-2023,CUST397,Beauty,1,25,25
398,16-05-2023,CUST398,Clothing,2,300,600
399,01-03-2023,CUST399,Beauty,2,30,60
400,24-02-2023,CUST400,Clothing,4,50,200
401,11-10-2023,CUST401,Clothing,1,300,300
402,21-03-2023,CUST402,Clothing,2,300,600
403,20-05-2023,CUST403,Clothing,2,300,600
404,25-05-2023,CUST404,Electronics,2,500,1000
405,06-11-2023,CUST405,Clothing,4,300,1200
406,18-04-2023,CUST406,Beauty,4,25,100
407,25-06-2023,CUST407,Electronics,3,300,900
408,15-04-2023,CUST408,Beauty,1,500,500
409,18-12-2023,CUST409,Electronics,3,300,900
410,21-11-2023,CUST410,Clothing,2,50,100
411,16-05-2023,CUST411,Electronics,4,50,200
412,16-09-2023,CUST412,Electronics,4,500,2000
413,08-09-2023,CUST413,Beauty,3,25,75
414,09-05-2023,CUST414,Beauty,4,25,100
415,27-01-2023,CUST415,Clothing,2,30,60
416,17-02-2023,CUST416,Electronics,4,500,2000
417,21-11-2023,CUST417,Electronics,3,300,900
418,05-08-2023,CUST418,Electronics,2,500,1000
419,22-05-2023,CUST419,Clothing,3,30,90
420,23-01-2023,CUST420,Clothing,4,500,2000
421,02-01-2023,CUST421,Clothing,3,500,1500
422,20-06-2023,CUST422,Clothing,3,30,90
423,08-03-2023,CUST423,Clothing,1,25,25
424,23-11-2023,CUST424,Beauty,4,300,1200
425,15-05-2023,CUST425,Electronics,4,30,120
426,24-03-2023,CUST426,Electronics,3,50,150
427,15-08-2023,CUST427,Electronics,1,25,25
428,10-10-2023,CUST428,Electronics,4,50,200
429,28-12-2023,CUST429,Electronics,2,25,50
430,07-08-2023,CUST430,Electronics,3,300,900
431,15-10-2023,CUST431,Electronics,4,300,1200
432,05-01-2023,CUST432,Electronics,2,500,1000
433,27-02-2023,CUST433,Beauty,4,50,200
434,08-02-2023,CUST434,Electronics,2,25,50
435,20-12-2023,CUST435,Beauty,3,300,900
436,18-03-2023,CUST436,Clothing,4,30,120
437,07-10-2023,CUST437,Electronics,4,300,1200
438,19-01-2023,CUST438,Clothing,1,30,30
439,09-07-2023,CUST439,Clothing,3,25,75
440,26-10-2023,CUST440,Clothing,2,300,600
441,10-10-2023,CUST441,Beauty,4,300,1200
442,17-03-2023,CUST442,Clothing,4,25,100
443,09-08-2023,CUST443,Clothing,2,300,600
444,07-03-2023,CUST444,Clothing,3,30,90
445,22-01-2023,CUST445,Electronics,1,300,300
446,07-06-2023,CUST446,Electronics,1,50,50
447,06-07-2023,CUST447,Beauty,4,500,2000
448,21-01-2023,CUST448,Beauty,2,30,60
449,03-07-2023,CUST449,Electronics,4,50,200
450,18-04-2023,CUST450,Beauty,2,25,50
451,16-12-2023,CUST451,Electronics,1,30,30
452,08-05-2023,CUST452,Clothing,3,500,1500
453,08-12-2023,CUST453,Clothing,2,500,1000
454,22-02-2023,CUST454,Beauty,1,25,25
455,01-07-2023,CUST455,Electronics,4,25,100
456,14-10-2023,CUST456,Electronics,2,30,60
457,28-07-2023,CUST457,Beauty,3,300,900
458,14-11-2023,CUST458,Electronics,4,25,100
459,21-03-2023,CUST459,Clothing,4,300,1200
460,02-05-2023,CUST460,Beauty,1,50,50
461,25-03-2023,CUST461,Beauty,2,500,1000
462,01-04-2023,CUST462,Electronics,4,300,1200
463,31-07-2023,CUST463,Beauty,3,500,1500
464,13-01-2023,CUST464,Electronics,2,300,600
465,02-04-2023,CUST465,Electronics,3,50,150
466,20-06-2023,CUST466,Electronics,4,25,100
467,30-07-2023,CUST467,Electronics,3,50,150
468,09-12-2023,CUST468,Electronics,1,25,25
469,08-05-2023,CUST469,Beauty,3,25,75
470,17-05-2023,CUST470,Clothing,2,500,1000
471,23-03-2023,CUST471,Clothing,3,50,150
472,26-12-2023,CUST472,Beauty,3,300,900
473,25-02-2023,CUST473,Beauty,1,50,50
474,15-07-2023,CUST474,Clothing,3,500,1500
475,20-01-2023,CUST475,Clothing,3,25,75
476,29-08-2023,CUST476,Clothing,4,500,2000
477,24-04-2023,CUST477,Clothing,4,30,120
478,13-04-2023,CUST478,Clothing,2,30,60
479,24-08-2023,CUST479,Electronics,4,300,1200
480,29-06-2023,CUST480,Beauty,4,500,2000
481,06-06-2023,CUST481,Electronics,4,300,1200
482,27-04-2023,CUST482,Clothing,4,300,1200
483,25-04-2023,CUST483,Clothing,1,30,30
484,13-01-2023,CUST484,Clothing,4,300,1200
485,04-12-2023,CUST485,Electronics,1,30,30
486,09-04-2023,CUST486,Electronics,1,25,25
487,24-07-2023,CUST487,Clothing,4,500,2000
488,18-06-2023,CUST488,Electronics,3,300,900
489,23-05-2023,CUST489,Electronics,1,30,30
490,05-02-2023,CUST490,Clothing,3,50,150
491,23-05-2023,CUST491,Electronics,3,300,900
492,29-06-2023,CUST492,Beauty,4,25,100
493,25-11-2023,CUST493,Beauty,2,25,50
494,18-09-2023,CUST494,Beauty,4,50,200
495,24-07-2023,CUST495,Beauty,2,30,60
496,14-12-2023,CUST496,Clothing,2,300,600
497,02-10-2023,CUST497,Clothing,4,30,120
498,19-06-2023,CUST498,Clothing,4,25,100
499,15-01-2023,CUST499,Beauty,2,30,60
500,01-03-2023,CUST500,Beauty,4,25,100
501,14-05-2023,CUST501,Electronics,2,30,60
502,02-04-2023,CUST502,Electronics,3,50,150
503,25-10-2023,CUST503,Beauty,4,500,2000
504,16-05-2023,CUST504,Beauty,3,50,150
505,20-01-2023,CUST505,Beauty,1,50,50
506,25-02-2023,CUST506,Beauty,3,500,1500
507,02-11-2023,CUST507,Electronics,3,500,1500
508,11-08-2023,CUST508,Beauty,2,300,600
509,26-06-2023,CUST509,Electronics,3,300,900
510,10-06-2023,CUST510,Beauty,4,50,200
511,12-08-2023,CUST511,Beauty,2,50,100
512,07-11-2023,CUST512,Beauty,1,25,25
513,19-09-2023,CUST513,Electronics,4,25,100
514,01-03-2023,CUST514,Electronics,1,300,300
515,17-07-2023,CUST515,Clothing,3,300,900
516,23-10-2023,CUST516,Beauty,4,25,100
517,08-04-2023,CUST517,Clothing,4,25,100
518,11-05-2023,CUST518,Clothing,1,30,30
519,23-01-2023,CUST519,Electronics,4,30,120
520,29-12-2023,CUST520,Electronics,4,25,100
521,12-08-2023,CUST521,Clothing,4,30,120
522,01-01-2023,CUST522,Beauty,3,500,1500
523,24-09-2023,CUST523,Electronics,1,300,300
524,03-10-2023,CUST524,Beauty,4,300,1200
525,18-12-2023,CUST525,Beauty,2,25,50
526,10-12-2023,CUST526,Clothing,2,50,100
527,11-04-2023,CUST527,Clothing,2,25,50
528,06-07-2023,CUST528,Clothing,2,30,60
529,09-08-2023,CUST529,Clothing,3,50,150
530,05-02-2023,CUST530,Electronics,4,30,120
531,07-12-2023,CUST531,Electronics,1,500,500
532,19-06-2023,CUST532,Clothing,4,30,120
533,16-11-2023,CUST533,Electronics,3,500,1500
534,10-06-2023,CUST534,Clothing,2,500,1000
535,06-12-2023,CUST535,Beauty,3,30,90
536,05-03-2023,CUST536,Beauty,4,30,120
537,03-06-2023,CUST537,Beauty,1,500,500
538,17-09-2023,CUST538,Clothing,3,50,150
539,08-06-2023,CUST539,Beauty,1,500,500
540,08-12-2023,CUST540,Electronics,3,300,900
541,29-07-2023,CUST541,Beauty,1,500,500
542,17-06-2023,CUST542,Beauty,1,50,50
543,26-07-2023,CUST543,Beauty,2,300,600
544,23-12-2023,CUST544,Electronics,1,25,25
545,01-06-2023,CUST545,Clothing,2,25,50
546,11-10-2023,CUST546,Electronics,4,50,200
547,07-03-2023,CUST547,Clothing,4,500,2000
548,09-04-2023,CUST548,Clothing,2,30,60
549,04-08-2023,CUST549,Beauty,2,50,100
550,07-12-2023,CUST550,Clothing,3,300,900
551,14-07-2023,CUST551,Electronics,3,300,900
552,13-12-2023,CUST552,Electronics,3,25,75
553,31-03-2023,CUST553,Clothing,4,300,1200
554,12-11-2023,CUST554,Beauty,3,50,150
555,19-10-2023,CUST555,Beauty,1,300,300
556,04-06-2023,CUST556,Electronics,1,50,50
557,27-07-2023,CUST557,Beauty,3,30,90
558,08-10-2023,CUST558,Clothing,1,25,25
559,01-01-2023,CUST559,Clothing,4,300,1200
560,05-06-2023,CUST560,Electronics,1,50,50
561,27-05-2023,CUST561,Clothing,4,500,2000
562,18-04-2023,CUST562,Electronics,2,25,50
563,09-08-2023,CUST563,Clothing,2,30,60
564,24-10-2023,CUST564,Electronics,2,50,100
565,07-11-2023,CUST565,Beauty,2,30,60
566,02-12-2023,CUST566,Clothing,1,30,30
567,14-06-2023,CUST567,Clothing,3,300,900
568,27-08-2023,CUST568,Electronics,1,300,300
569,15-08-2023,CUST569,Electronics,4,50,200
570,15-08-2023,CUST570,Clothing,1,500,500
571,12-12-2023,CUST571,Electronics,1,50,50
572,20-04-2023,CUST572,Clothing,4,500,2000
573,19-09-2023,CUST573,Beauty,2,30,60
574,31-08-2023,CUST574,Electronics,2,25,50
575,28-03-2023,CUST575,Clothing,2,50,100
576,04-12-2023,CUST576,Beauty,3,50,150
577,13-02-2023,CUST577,Beauty,4,500,2000
578,26-05-2023,CUST578,Clothing,4,30,120
579,21-09-2023,CUST579,Electronics,1,30,30
580,06-12-2023,CUST580,Clothing,3,500,1500
581,21-11-2023,CUST581,Beauty,2,30,60
582,14-11-2023,CUST582,Clothing,3,300,900
583,21-06-2023,CUST583,Electronics,4,25,100
584,17-02-2023,CUST584,Beauty,4,50,200
585,01-05-2023,CUST585,Clothing,1,25,25
586,11-12-2023,CUST586,Electronics,1,50,50
587,08-06-2023,CUST587,Beauty,4,300,1200
588,26-04-2023,CUST588,Electronics,2,30,60
589,12-04-2023,CUST589,Beauty,2,500,1000
590,17-03-2023,CUST590,Clothing,3,300,900
591,13-01-2023,CUST591,Electronics,4,25,100
592,24-01-2023,CUST592,Beauty,4,500,2000
593,06-05-2023,CUST593,Electronics,2,30,60
594,01-09-2023,CUST594,Electronics,2,300,600
595,09-11-2023,CUST595,Clothing,4,500,2000
596,07-02-2023,CUST596,Electronics,1,300,300
597,22-08-2023,CUST597,Beauty,4,300,1200
598,01-08-2023,CUST598,Beauty,4,30,120
599,19-11-2023,CUST599,Beauty,2,50,100
600,22-10-2023,CUST600,Beauty,2,500,1000
601,10-04-2023,CUST601,Clothing,1,30,30
602,23-12-2023,CUST602,Electronics,1,300,300
603,16-07-2023,CUST603,Clothing,3,30,90
604,11-09-2023,CUST604,Electronics,4,50,200
605,24-07-2023,CUST605,Electronics,2,500,1000
606,05-05-2023,CUST606,Electronics,1,50,50
607,17-03-2023,CUST607,Clothing,3,25,75
608,02-12-2023,CUST608,Electronics,3,500,1500
609,19-12-2023,CUST609,Clothing,2,50,100
610,03-01-2023,CUST610,Beauty,2,300,600
611,24-02-2023,CUST611,Beauty,3,500,1500
612,06-08-2023,CUST612,Electronics,1,500,500
613,23-04-2023,CUST613,Clothing,3,30,90
614,01-04-2023,CUST614,Beauty,4,300,1200
615,23-12-2023,CUST615,Clothing,4,25,100
616,23-09-2023,CUST616,Clothing,2,50,100
617,26-08-2023,CUST617,Electronics,1,30,30
618,26-01-2023,CUST618,Beauty,1,50,50
619,13-10-2023,CUST619,Electronics,4,25,100
620,08-05-2023,CUST620,Electronics,3,25,75
621,04-03-2023,CUST621,Beauty,2,500,1000
622,22-08-2023,CUST622,Beauty,3,25,75
623,10-03-2023,CUST623,Clothing,3,50,150
624,26-08-2023,CUST624,Beauty,3,300,900
625,08-12-2023,CUST625,Clothing,1,300,300
626,29-09-2023,CUST626,Clothing,4,500,2000
627,14-10-2023,CUST627,Clothing,1,50,50
628,01-11-2023,CUST628,Beauty,4,50,200
629,12-06-2023,CUST629,Electronics,2,25,50
630,15-08-2023,CUST630,Clothing,2,50,100
631,10-11-2023,CUST631,Electronics,3,30,90
632,16-09-2023,CUST632,Electronics,4,25,100
633,07-08-2023,CUST633,Beauty,4,30,120
634,08-10-2023,CUST634,Electronics,4,500,2000
635,17-08-2023,CUST635,Electronics,3,300,900
636,23-03-2023,CUST636,Beauty,3,500,1500
637,01-09-2023,CUST637,Clothing,2,300,600
638,19-08-2023,CUST638,Electronics,1,500,500
639,13-05-2023,CUST639,Beauty,4,50,200
640,07-05-2023,CUST640,Electronics,4,30,120
641,23-11-2023,CUST641,Electronics,1,300,300
642,22-05-2023,CUST642,Clothing,4,25,100
643,24-09-2023,CUST643,Electronics,3,30,90
644,06-09-2023,CUST644,Beauty,3,25,75
645,17-11-2023,CUST645,Electronics,4,30,120
646,03-05-2023,CUST646,Clothing,3,30,90
647,21-05-2023,CUST647,Clothing,3,500,1500
648,14-08-2023,CUST648,Beauty,4,300,1200
649,09-02-2023,CUST649,Clothing,2,300,600
650,01-01-2024,CUST650,Electronics,1,30,30
651,27-05-2023,CUST651,Clothing,3,50,150
652,01-05-2023,CUST652,Beauty,2,50,100
653,20-05-2023,CUST653,Clothing,3,25,75
654,21-06-2023,CUST654,Clothing,3,25,75
655,13-06-2023,CUST655,Clothing,1,500,500
656,04-10-2023,CUST656,Beauty,3,30,90
657,11-02-2023,CUST657,Clothing,1,25,25
658,12-03-2023,CUST658,Clothing,1,25,25
659,19-03-2023,CUST659,Electronics,1,30,30
660,29-04-2023,CUST660,Beauty,2,500,1000
661,16-07-2023,CUST661,Clothing,4,25,100
662,22-12-2023,CUST662,Beauty,2,500,1000
663,20-03-2023,CUST663,Clothing,4,300,1200
664,28-12-2023,CUST664,Clothing,4,500,2000
665,20-04-2023,CUST665,Clothing,1,50,50
666,02-02-2023,CUST666,Electronics,3,50,150
667,01-08-2023,CUST667,Electronics,1,500,500
668,28-07-2023,CUST668,Electronics,3,50,150
669,19-06-2023,CUST669,Beauty,4,300,1200
670,05-10-2023,CUST670,Beauty,1,30,30
671,27-08-2023,CUST671,Electronics,3,50,150
672,01-08-2023,CUST672,Beauty,2,50,100
673,01-02-2023,CUST673,Clothing,3,500,1500
674,16-04-2023,CUST674,Clothing,1,300,300
675,04-08-2023,CUST675,Clothing,2,30,60
676,19-07-2023,CUST676,Electronics,3,500,1500
677,27-10-2023,CUST677,Beauty,3,500,1500
678,23-12-2023,CUST678,Electronics,3,300,900
679,11-01-2023,CUST679,Beauty,3,30,90
680,22-10-2023,CUST680,Clothing,3,300,900
681,14-07-2023,CUST681,Electronics,2,30,60
682,02-09-2023,CUST682,Beauty,4,300,1200
683,04-01-2023,CUST683,Beauty,2,500,1000
684,30-06-2023,CUST684,Clothing,2,500,1000
685,02-06-2023,CUST685,Electronics,2,25,50
686,19-07-2023,CUST686,Electronics,4,50,200
687,03-08-2023,CUST687,Electronics,1,300,300
688,03-10-2023,CUST688,Clothing,4,25,100
689,07-10-2023,CUST689,Electronics,2,50,100
690,05-11-2023,CUST690,Clothing,3,300,900
691,23-04-2023,CUST691,Clothing,3,30,90
692,07-09-2023,CUST692,Clothing,2,50,100
693,23-04-2023,CUST693,Beauty,3,500,1500
694,20-05-2023,CUST694,Electronics,2,25,50
695,12-08-2023,CUST695,Electronics,3,50,150
696,06-09-2023,CUST696,Clothing,4,50,200
697,15-01-2023,CUST697,Clothing,1,500,500
698,19-07-2023,CUST698,Electronics,1,300,300
699,22-06-2023,CUST699,Clothing,4,30,120
700,09-12-2023,CUST700,Electronics,4,500,2000
701,14-12-2023,CUST701,Beauty,2,30,60
702,27-07-2023,CUST702,Clothing,2,300,600
703,26-03-2023,CUST703,Electronics,2,50,100
704,28-08-2023,CUST704,Clothing,3,30,90
705,07-03-2023,CUST705,Electronics,2,25,50
706,15-11-2023,CUST706,Electronics,4,25,100
707,01-10-2023,CUST707,Clothing,1,500,500
708,14-01-2023,CUST708,Beauty,3,300,900
709,21-07-2023,CUST709,Electronics,2,500,1000
710,31-10-2023,CUST710,Electronics,3,500,1500
711,16-10-2023,CUST711,Electronics,3,500,1500
712,06-12-2023,CUST712,Beauty,2,25,50
713,14-01-2023,CUST713,Beauty,3,25,75
714,12-02-2023,CUST714,Clothing,1,500,500
715,26-11-2023,CUST715,Beauty,4,25,100
716,08-08-2023,CUST716,Clothing,4,300,1200
717,11-03-2023,CUST717,Clothing,1,500,500
718,25-08-2023,CUST718,Beauty,3,25,75
719,04-04-2023,CUST719,Clothing,2,30,60
720,26-01-2023,CUST720,Beauty,3,500,1500
721,14-05-2023,CUST721,Clothing,1,500,500
722,14-07-2023,CUST722,Beauty,3,300,900
723,17-06-2023,CUST723,Beauty,4,50,200
724,19-04-2023,CUST724,Clothing,3,50,150
725,21-08-2023,CUST725,Electronics,1,300,300
726,17-06-2023,CUST726,Clothing,4,300,1200
727,22-06-2023,CUST727,Beauty,3,300,900
728,14-07-2023,CUST728,Electronics,3,50,150
729,23-05-2023,CUST729,Clothing,4,300,1200
730,04-08-2023,CUST730,Clothing,2,25,50
731,10-05-2023,CUST731,Clothing,4,500,2000
732,11-02-2023,CUST732,Electronics,2,500,1000
733,29-08-2023,CUST733,Beauty,1,30,30
734,10-01-2023,CUST734,Clothing,1,30,30
735,04-10-2023,CUST735,Clothing,4,500,2000
736,27-01-2023,CUST736,Clothing,4,25,100
737,29-06-2023,CUST737,Clothing,1,50,50
738,25-04-2023,CUST738,Clothing,2,50,100
739,29-11-2023,CUST739,Beauty,1,25,25
740,05-02-2023,CUST740,Beauty,4,50,200
741,30-11-2023,CUST741,Clothing,1,300,300
742,21-01-2023,CUST742,Electronics,4,500,2000
743,16-01-2023,CUST743,Beauty,4,500,2000
744,07-05-2023,CUST744,Electronics,1,25,25
745,13-04-2023,CUST745,Beauty,2,50,100
746,11-01-2023,CUST746,Clothing,3,30,90
747,15-11-2023,CUST747,Beauty,1,30,30
748,20-03-2023,CUST748,Clothing,3,50,150
749,03-05-2023,CUST749,Beauty,1,30,30
750,06-03-2023,CUST750,Clothing,3,25,75
751,31-08-2023,CUST751,Clothing,2,25,50
752,09-12-2023,CUST752,Clothing,2,50,100
753,28-02-2023,CUST753,Clothing,1,30,30
754,16-10-2023,CUST754,Electronics,4,25,100
755,22-04-2023,CUST755,Clothing,3,25,75
756,27-08-2023,CUST756,Electronics,4,300,1200
757,25-12-2023,CUST757,Electronics,4,300,1200
758,12-05-2023,CUST758,Clothing,4,25,100
759,08-07-2023,CUST759,Electronics,2,50,100
760,27-03-2023,CUST760,Beauty,1,500,500
761,07-11-2023,CUST761,Clothing,1,500,500
762,07-11-2023,CUST762,Electronics,2,25,50
763,28-02-2023,CUST763,Clothing,2,25,50
764,25-03-2023,CUST764,Clothing,1,25,25
765,09-06-2023,CUST765,Clothing,4,50,200
766,25-02-2023,CUST766,Electronics,3,300,900
767,24-10-2023,CUST767,Beauty,3,25,75
768,14-01-2023,CUST768,Beauty,3,25,75
769,09-06-2023,CUST769,Electronics,4,30,120
770,22-10-2023,CUST770,Clothing,1,50,50
771,13-12-2023,CUST771,Electronics,2,25,50
772,12-07-2023,CUST772,Electronics,1,30,30
773,23-07-2023,CUST773,Electronics,4,500,2000
774,12-04-2023,CUST774,Clothing,2,25,50
775,08-02-2023,CUST775,Electronics,4,25,100
776,31-10-2023,CUST776,Clothing,3,30,90
777,20-12-2023,CUST777,Electronics,3,50,150
778,18-11-2023,CUST778,Beauty,4,25,100
779,05-05-2023,CUST779,Electronics,2,500,1000
780,22-02-2023,CUST780,Electronics,2,25,50
781,23-12-2023,CUST781,Beauty,1,500,500
782,04-06-2023,CUST782,Clothing,3,300,900
783,17-12-2023,CUST783,Clothing,1,300,300
784,04-11-2023,CUST784,Electronics,1,500,500
785,03-03-2023,CUST785,Beauty,4,50,200
786,17-10-2023,CUST786,Clothing,4,25,100
787,22-01-2023,CUST787,Electronics,1,25,25
788,27-06-2023,CUST788,Beauty,3,300,900
789,30-09-2023,CUST789,Clothing,4,500,2000
790,08-08-2023,CUST790,Clothing,1,25,25
791,05-12-2023,CUST791,Beauty,1,25,25
792,09-07-2023,CUST792,Beauty,1,50,50
793,05-02-2023,CUST793,Beauty,1,30,30
794,17-09-2023,CUST794,Beauty,1,300,300
795,28-11-2023,CUST795,Electronics,1,300,300
796,24-06-2023,CUST796,Beauty,4,30,120
797,07-01-2023,CUST797,Clothing,3,25,75
798,04-08-2023,CUST798,Clothing,1,50,50
799,08-09-2023,CUST799,Electronics,2,50,100
800,24-02-2023,CUST800,Clothing,4,300,1200
801,10-08-2023,CUST801,Clothing,4,50,200
802,05-07-2023,CUST802,Beauty,1,30,30
803,22-11-2023,CUST803,Clothing,4,25,100
804,24-08-2023,CUST804,Electronics,1,30,30
805,29-12-2023,CUST805,Beauty,3,500,1500
806,20-03-2023,CUST806,Beauty,3,300,900
807,11-08-2023,CUST807,Electronics,4,50,200
808,01-04-2023,CUST808,Beauty,4,500,2000
809,25-09-2023,CUST809,Beauty,2,50,100
810,30-11-2023,CUST810,Electronics,4,25,100
811,19-05-2023,CUST811,Beauty,2,25,50
812,12-11-2023,CUST812,Electronics,3,25,75
813,03-10-2023,CUST813,Electronics,3,50,150
814,05-09-2023,CUST814,Clothing,1,500,500
815,27-08-2023,CUST815,Clothing,3,25,75
816,12-08-2023,CUST816,Beauty,2,500,1000
817,31-10-2023,CUST817,Beauty,4,50,200
818,18-05-2023,CUST818,Electronics,1,500,500
819,15-06-2023,CUST819,Beauty,2,50,100
820,06-05-2023,CUST820,Electronics,4,50,200
821,14-02-2023,CUST821,Electronics,1,300,300
822,23-05-2023,CUST822,Beauty,3,50,150
823,19-08-2023,CUST823,Electronics,2,50,100
824,05-05-2023,CUST824,Clothing,4,30,120
825,26-08-2023,CUST825,Beauty,1,25,25
826,19-10-2023,CUST826,Clothing,1,300,300
827,09-11-2023,CUST827,Beauty,3,300,900
828,09-12-2023,CUST828,Electronics,4,300,1200
829,14-07-2023,CUST829,Beauty,3,30,90
830,22-06-2023,CUST830,Clothing,3,50,150
831,15-01-2023,CUST831,Electronics,4,25,100
832,11-09-2023,CUST832,Beauty,4,500,2000
833,16-06-2023,CUST833,Beauty,4,50,200
834,04-04-2023,CUST834,Beauty,2,30,60
835,07-09-2023,CUST835,Clothing,4,50,200
836,19-04-2023,CUST836,Clothing,1,50,50
837,01-07-2023,CUST837,Beauty,3,30,90
838,13-05-2023,CUST838,Electronics,2,300,600
839,24-06-2023,CUST839,Electronics,4,300,1200
840,24-05-2023,CUST840,Clothing,2,25,50
841,02-11-2023,CUST841,Electronics,4,25,100
842,26-12-2023,CUST842,Clothing,2,300,600
843,22-05-2023,CUST843,Beauty,3,500,1500
844,12-10-2023,CUST844,Clothing,3,50,150
845,06-01-2023,CUST845,Clothing,1,500,500
846,22-09-2023,CUST846,Beauty,1,50,50
847,08-04-2023,CUST847,Electronics,4,300,1200
848,13-02-2023,CUST848,Clothing,3,25,75
849,04-05-2023,CUST849,Clothing,2,25,50
850,28-07-2023,CUST850,Beauty,2,500,1000
851,08-09-2023,CUST851,Electronics,2,25,50
852,12-10-2023,CUST852,Clothing,1,300,300
853,04-05-2023,CUST853,Beauty,2,500,1000
854,20-12-2023,CUST854,Clothing,1,50,50
855,01-09-2023,CUST855,Beauty,1,25,25
856,27-11-2023,CUST856,Electronics,4,30,120
857,31-12-2023,CUST857,Electronics,2,25,50
858,09-09-2023,CUST858,Electronics,2,50,100
859,18-08-2023,CUST859,Electronics,3,500,1500
860,09-01-2023,CUST860,Clothing,4,50,200
861,17-02-2023,CUST861,Clothing,3,30,90
862,31-05-2023,CUST862,Electronics,4,300,1200
863,24-04-2023,CUST863,Electronics,2,25,50
864,27-07-2023,CUST864,Electronics,1,500,500
865,21-12-2023,CUST865,Clothing,1,300,300
866,05-05-2023,CUST866,Electronics,1,50,50
867,06-06-2023,CUST867,Electronics,1,500,500
868,06-12-2023,CUST868,Electronics,1,300,300
869,25-10-2023,CUST869,Beauty,3,500,1500
870,08-07-2023,CUST870,Electronics,4,30,120
871,31-08-2023,CUST871,Beauty,2,30,60
872,11-10-2023,CUST872,Beauty,3,25,75
873,29-09-2023,CUST873,Electronics,4,25,100
874,26-06-2023,CUST874,Beauty,1,30,30
875,06-08-2023,CUST875,Electronics,4,500,2000
876,09-10-2023,CUST876,Clothing,4,30,120
877,19-06-2023,CUST877,Clothing,1,25,25
878,30-06-2023,CUST878,Clothing,1,30,30
879,26-12-2023,CUST879,Clothing,1,30,30
880,21-08-2023,CUST880,Beauty,2,500,1000
881,19-05-2023,CUST881,Electronics,1,300,300
882,06-06-2023,CUST882,Electronics,2,25,50
883,09-05-2023,CUST883,Electronics,1,500,500
884,29-04-2023,CUST884,Clothing,2,30,60
885,03-03-2023,CUST885,Clothing,4,30,120
886,09-04-2023,CUST886,Electronics,3,300,900
887,11-06-2023,CUST887,Clothing,4,25,100
888,03-03-2023,CUST888,Electronics,4,25,100
889,02-10-2023,CUST889,Electronics,1,50,50
890,20-12-2023,CUST890,Electronics,2,25,50
891,05-04-2023,CUST891,Electronics,3,300,900
892,09-04-2023,CUST892,Electronics,1,50,50
893,21-04-2023,CUST893,Electronics,1,50,50
894,05-09-2023,CUST894,Electronics,1,30,30
895,22-05-2023,CUST895,Clothing,4,30,120
896,29-10-2023,CUST896,Electronics,2,25,50
897,26-09-2023,CUST897,Electronics,2,50,100
898,02-11-2023,CUST898,Clothing,3,30,90
899,25-05-2023,CUST899,Clothing,2,300,600
900,21-02-2023,CUST900,Clothing,2,30,60
901,10-04-2023,CUST901,Electronics,1,30,30
902,01-06-2023,CUST902,Beauty,1,50,50
903,27-04-2023,CUST903,Beauty,4,50,200
904,04-07-2023,CUST904,Clothing,1,500,500
905,02-04-2023,CUST905,Beauty,1,300,300
906,04-06-2023,CUST906,Clothing,1,50,50
907,08-01-2023,CUST907,Electronics,1,25,25
908,29-12-2023,CUST908,Beauty,4,300,1200
909,01-10-2023,CUST909,Electronics,1,300,300
910,06-03-2023,CUST910,Beauty,3,50,150
911,21-05-2023,CUST911,Electronics,3,300,900
912,24-01-2023,CUST912,Beauty,3,50,150
913,28-01-2023,CUST913,Electronics,3,30,90
914,11-10-2023,CUST914,Electronics,1,500,500
915,30-05-2023,CUST915,Beauty,3,30,90
916,24-12-2023,CUST916,Electronics,1,50,50
917,06-03-2023,CUST917,Electronics,4,50,200
918,23-11-2023,CUST918,Electronics,3,30,90
919,09-09-2023,CUST919,Beauty,2,25,50
920,22-02-2023,CUST920,Beauty,3,25,75
921,07-01-2023,CUST921,Electronics,3,25,75
922,21-10-2023,CUST922,Electronics,1,50,50
923,26-05-2023,CUST923,Beauty,3,300,900
924,29-08-2023,CUST924,Beauty,2,50,100
925,03-09-2023,CUST925,Electronics,1,300,300
926,14-08-2023,CUST926,Electronics,1,30,30
927,24-06-2023,CUST927,Electronics,4,500,2000
928,05-04-2023,CUST928,Clothing,4,300,1200
929,27-01-2023,CUST929,Beauty,3,25,75
930,10-05-2023,CUST930,Clothing,4,50,200
931,02-09-2023,CUST931,Beauty,4,30,120
932,28-02-2023,CUST932,Beauty,4,25,100
933,03-02-2023,CUST933,Beauty,1,30,30
934,25-07-2023,CUST934,Beauty,1,500,500
935,09-09-2023,CUST935,Beauty,1,50,50
936,07-02-2023,CUST936,Beauty,4,50,200
937,23-10-2023,CUST937,Beauty,1,500,500
938,19-11-2023,CUST938,Clothing,4,50,200
939,18-12-2023,CUST939,Electronics,1,300,300
940,28-01-2023,CUST940,Electronics,1,30,30
941,19-03-2023,CUST941,Clothing,2,25,50
942,18-03-2023,CUST942,Clothing,3,500,1500
943,16-10-2023,CUST943,Clothing,4,300,1200
944,05-06-2023,CUST944,Clothing,2,25,50
945,13-02-2023,CUST945,Beauty,1,25,25
946,08-05-2023,CUST946,Electronics,4,500,2000
947,02-03-2023,CUST947,Beauty,1,300,300
948,13-10-2023,CUST948,Electronics,3,25,75
949,02-08-2023,CUST949,Electronics,2,25,50
950,07-11-2023,CUST950,Clothing,3,300,900
951,02-11-2023,CUST951,Beauty,2,50,100
952,13-11-2023,CUST952,Clothing,1,25,25
953,26-04-2023,CUST953,Beauty,3,30,90
954,25-09-2023,CUST954,Electronics,3,300,900
955,14-07-2023,CUST955,Clothing,1,25,25
956,19-08-2023,CUST956,Clothing,3,500,1500
957,15-08-2023,CUST957,Electronics,4,30,120
958,02-06-2023,CUST958,Electronics,2,25,50
959,29-10-2023,CUST959,Electronics,2,30,60
960,08-08-2023,CUST960,Clothing,2,30,60
961,06-06-2023,CUST961,Beauty,4,50,200
962,19-10-2023,CUST962,Clothing,2,30,60
963,14-11-2023,CUST963,Beauty,1,50,50
964,31-01-2023,CUST964,Clothing,3,300,900
965,09-11-2023,CUST965,Clothing,4,50,200
966,20-02-2023,CUST966,Electronics,2,500,1000
967,17-04-2023,CUST967,Beauty,1,25,25
968,17-11-2023,CUST968,Clothing,3,300,900
969,19-04-2023,CUST969,Clothing,3,300,900
970,16-05-2023,CUST970,Electronics,4,500,2000
971,05-12-2023,CUST971,Electronics,4,50,200
972,11-02-2023,CUST972,Beauty,4,25,100
973,22-03-2023,CUST973,Clothing,1,50,50
974,03-05-2023,CUST974,Beauty,1,30,30
975,30-03-2023,CUST975,Clothing,4,50,200
976,10-10-2023,CUST976,Beauty,2,300,600
977,08-02-2023,CUST977,Electronics,3,25,75
978,22-03-2023,CUST978,Clothing,3,50,150
979,02-01-2023,CUST979,Beauty,1,25,25
980,29-07-2023,CUST980,Electronics,3,25,75
981,19-08-2023,CUST981,Electronics,2,30,60
982,19-12-2023,CUST982,Beauty,3,30,90
983,01-11-2023,CUST983,Clothing,1,300,300
984,29-08-2023,CUST984,Clothing,1,500,500
985,30-05-2023,CUST985,Electronics,2,25,50
986,17-01-2023,CUST986,Clothing,2,500,1000
987,29-04-2023,CUST987,Clothing,3,300,900
988,28-05-2023,CUST988,Clothing,3,25,75
989,28-12-2023,CUST989,Electronics,1,25,25
990,25-05-2023,CUST990,Beauty,2,500,1000
991,26-12-2023,CUST991,Clothing,2,50,100
992,21-08-2023,CUST992,Electronics,2,30,60
993,06-02-2023,CUST993,Electronics,3,50,150
994,18-12-2023,CUST994,Beauty,2,500,1000
995,30-04-2023,CUST995,Clothing,1,30,30
996,16-05-2023,CUST996,Clothing,1,50,50
997,17-11-2023,CUST997,Beauty,3,30,90
998,29-10-2023,CUST998,Beauty,4,25,100
999,05-12-2023,CUST999,Electronics,3,50,150
1000,12-04-2023,CUST1000,Electronics,4,30,120
1001,11-05-2023,CUST298,Electronics,1,300,28.3296
1002,29-10-2023,CUST035,Beauty,3,50,37.3641
1003,31-08-2023,CUST304,Beauty,4,300,45.3222
1004,14-02-2023,CUST162,Electronics,4,300,99.3564
1005,01-10-2023,CUST163,Electronics,1,300,1987.9658
1006,18-02-2023,CUST881,Electronics,1,500,962.7486
1007,22-09-2023,CUST033,Electronics,4,30,35.8461
1008,05-10-2023,CUST605,Electronics,3,300,505.1085
1009,19-08-2023,CUST052,Beauty,1,300,1133.9119
1010,30-07-2023,CUST657,Clothing,4,25,143.8384
1011,24-01-2023,CUST727,Beauty,4,300,100.2944
1012,26-12-2023,CUST127,Beauty,2,300,209.537
1013,17-02-2023,CUST718,Beauty,2,300,1571.0994
1014,09-07-2023,CUST077,Beauty,2,500,69.9216
1015,01-08-2023,CUST135,Beauty,1,500,97.8218
1016,20-11-2023,CUST688,Electronics,1,500,51.382
1017,24-09-2023,CUST465,Beauty,1,25,95.0581
1018,16-05-2023,CUST765,Electronics,4,25,893.0993
1019,06-09-2023,CUST177,Clothing,3,25,69.3685
1020,11-08-2023,CUST554,Electronics,3,50,98.646
1021,19-04-2023,CUST670,Clothing,4,25,635.2461
1022,10-02-2023,CUST038,Clothing,2,30,1403.8462
1023,13-10-2023,CUST240,Clothing,4,25,41.2387
1024,08-09-2023,CUST517,Electronics,2,25,67.978
1025,02-10-2023,CUST098,Clothing,2,30,110.0445
1026,17-11-2023,CUST267,Electronics,2,500,1325.5159
1027,23-06-2023,CUST589,Clothing,3,25,130.8067
1028,16-05-2023,CUST350,Electronics,4,50,620.738
1029,17-01-2023,CUST947,Clothing,1,500,26.3514
1030,01-06-2023,CUST019,Electronics,2,500,57.6525
1031,19-09-2023,CUST299,Electronics,4,50,56.7128
1032,10-05-2023,CUST889,Clothing,1,300,1376.4431
1033,03-06-2023,CUST329,Clothing,1,30,576.4713
1034,20-02-2023,CUST155,Clothing,3,50,540.9704
1035,23-10-2023,CUST012,Beauty,3,25,46.427
1036,02-09-2023,CUST432,Clothing,3,50,55.2319
1037,21-03-2023,CUST674,Electronics,4,300,197.3751
1038,29-10-2023,CUST047,Electronics,1,500,46.9057
1039,02-02-2023,CUST706,Clothing,4,300,1215.7885
1040,08-10-2023,CUST421,Clothing,2,30,1882.2595
1041,24-08-2023,CUST097,Clothing,1,30,167.1462
1042,05-05-2023,CUST644,Electronics,4,300,288.221
1043,08-12-2023,CUST294,Beauty,4,25,257.5698
1044,26-04-2023,CUST738,Clothing,1,30,62.9091
1045,22-04-2023,CUST390,Electronics,3,50,52.0561
1046,06-06-2023,CUST972,Clothing,2,30,1118.0528
1047,06-02-2023,CUST762,Electronics,4,25,63.803
1048,31-08-2023,CUST811,Beauty,2,25,207.5399
1049,02-11-2023,CUST859,Beauty,3,50,70.2819
1050,22-03-2023,CUST711,Electronics,4,500,120.7517
1051,21-08-2023,CUST588,Beauty,3,25,52.3507
1052,17-09-2023,CUST777,Beauty,2,300,152.9215
1053,05-01-2023,CUST477,Clothing,1,500,927.4327
1054,03-05-2023,CUST415,Beauty,3,500,66.9468
1055,29-10-2023,CUST655,Clothing,3,50,93.087
1056,10-02-2023,CUST413,Beauty,3,30,101.2776
1057,23-02-2023,CUST660,Electronics,3,50,29.5715
1058,10-01-2023,CUST084,Electronics,4,30,25.9927
1059,16-09-2023,CUST160,Clothing,3,50,102.2613
1060,16-10-2023,CUST898,Electronics,4,30,61.0169
1061,13-02-2023,CUST341,Beauty,3,25,34.0725
1062,29-11-2023,CUST381,Beauty,2,500,1299.9753
1063,20-01-2023,CUST676,Beauty,3,25,46.5674
1064,03-05-2023,CUST176,Beauty,2,300,68.6177
1065,06-07-2023,CUST942,Electronics,4,30,194.8966
1066,26-10-2023,CUST907,Beauty,4,30,93.5136
1067,10-12-2023,CUST186,Electronics,1,30,1257.0986
1068,28-07-2023,CUST056,Clothing,4,50,925.2739
1069,26-05-2023,CUST058,Beauty,4,25,936.4594
1070,19-03-2023,CUST268,Clothing,4,25,26.3288
1071,13-04-2023,CUST351,Clothing,2,300,179.8646
1072,06-06-2023,CUST594,Clothing,3,500,289.4928
1073,12-08-2023,CUST839,Electronics,3,25,120.5595
1074,01-08-2023,CUST337,Beauty,3,50,117.872
1075,27-10-2023,CUST150,Clothing,3,300,161.3079
1076,15-05-2023,CUST896,Beauty,4,300,1401.2084
1077,05-01-2023,CUST230,Electronics,4,25,54.6593
1078,03-03-2023,CUST198,Clothing,3,25,159.2488
1079,24-10-2023,CUST157,Beauty,3,50,97.227
1080,22-05-2023,CUST007,Beauty,1,30,62.2064
1081,05-02-2023,CUST750,Clothing,1,25,121.7066
1082,24-01-2023,CUST919,Electronics,1,500,1874.2311
1083,25-04-2023,CUST946,Clothing,4,300,102.1111
1084,02-06-2023,CUST654,Beauty,1,50,45.8656
1085,11-02-2023,CUST362,Electronics,4,500,95.4705
1086,15-03-2023,CUST913,Clothing,1,30,936.6706
1087,10-11-2023,CUST776,Electronics,2,25,27.6452
1088,28-02-2023,CUST521,Beauty,4,30,1980.7942
1089,17-08-2023,CUST538,Clothing,3,50,872.2306
1090,23-09-2023,CUST232,Electronics,3,25,97.7438
1091,24-09-2023,CUST369,Beauty,1,25,315.243
1092,27-04-2023,CUST250,Beauty,3,300,1121.2899
1093,26-07-2023,CUST573,Electronics,1,300,265.877
1094,08-11-2023,CUST430,Clothing,3,30,129.96
1095,29-09-2023,CUST204,Clothing,1,50,1088.7786
1096,28-07-2023,CUST055,Clothing,3,25,947.6359
1097,03-03-2023,CUST978,Electronics,3,30,494.752
1098,02-11-2023,CUST571,Electronics,3,500,79.1617
1099,22-05-2023,CUST659,Clothing,4,50,95.5742
1100,09-05-2023,CUST443,Beauty,2,50,101.3771
1101,16-12-2023,CUST463,Electronics,4,300,950.0383
1102,29-09-2023,CUST968,Beauty,1,50,1826.3519
1103,17-04-2023,CUST003,Electronics,3,500,93.667
1104,14-11-2023,CUST991,Beauty,1,30,96.9
1105,30-04-2023,CUST191,Beauty,1,50,74.7817
1106,02-04-2023,CUST548,Beauty,1,300,1898.0534
1107,06-09-2023,CUST516,Clothing,4,30,164.5561
1108,29-04-2023,CUST696,Beauty,1,25,1814.4398
1109,24-07-2023,CUST120,Beauty,1,30,1314.8944
1110,21-05-2023,CUST074,Clothing,2,500,578.1116
1111,24-11-2023,CUST956,Electronics,3,50,60.0925
1112,15-10-2023,CUST100,Clothing,1,50,200.0954
1113,15-01-2023,CUST258,Clothing,2,30,104.2036
1114,29-03-2023,CUST576,Electronics,2,50,517.1463
1115,02-10-2023,CUST419,Electronics,3,500,893.1164
1116,11-06-2023,CUST447,Beauty,2,500,883.7232
1117,17-03-2023,CUST934,Electronics,3,50,99.3065
1118,25-03-2023,CUST901,Beauty,4,300,103.5842
1119,21-01-2023,CUST079,Electronics,4,25,58.1283
1120,28-04-2023,CUST586,Clothing,2,25,26.6198
1121,04-01-2023,CUST504,Clothing,1,500,154.951
1122,20-12-2023,CUST254,Clothing,2,25,204.5173
1123,21-03-2023,CUST458,Electronics,3,25,1327.6923
1124,14-06-2023,CUST522,Clothing,4,30,932.8532
1125,07-02-2023,CUST894,Electronics,3,50,260.6954
1126,30-11-2023,CUST288,Beauty,1,500,69.7473
1127,29-08-2023,CUST489,Electronics,2,25,1908.4374
1128,11-06-2023,CUST599,Clothing,4,30,96.4889
1129,07-02-2023,CUST524,Electronics,1,300,1370.007
1130,05-12-2023,CUST564,Electronics,2,50,134.4668
1131,22-06-2023,CUST211,Beauty,4,30,841.0417
1132,19-11-2023,CUST333,Beauty,2,300,183.9194
1133,06-10-2023,CUST006,Clothing,1,25,1317.9686
1134,21-06-2023,CUST109,Beauty,1,25,65.1275
1135,13-12-2023,CUST481,Beauty,4,500,593.4666
1136,04-07-2023,CUST143,Beauty,2,500,574.0137
1137,04-12-2023,CUST679,Clothing,1,50,138.7108
1138,26-11-2023,CUST183,Electronics,4,500,1358.2229
1139,08-02-2023,CUST002,Beauty,1,30,54.7227
1140,01-03-2023,CUST171,Beauty,3,500,101.1179
1141,12-11-2023,CUST115,Clothing,4,300,303.6237
1142,21-02-2023,CUST816,Clothing,4,25,28.2125
1143,08-05-2023,CUST257,Clothing,3,30,66.1379
1144,25-07-2023,CUST209,Clothing,4,30,469.7001
1145,14-01-2023,CUST389,Clothing,4,300,34.0283
1146,06-05-2023,CUST016,Electronics,3,50,100.7445
1147,07-11-2023,CUST789,Beauty,3,25,35.9091
1148,07-06-2023,CUST625,Electronics,1,25,55.1322
1149,05-08-2023,CUST620,Clothing,4,500,25.2692
1150,06-03-2023,CUST331,Beauty,1,500,65.4504
1151,12-04-2023,CUST090,Electronics,3,25,910.2425
1152,22-10-2023,CUST496,Beauty,1,25,1050.5992
1153,21-02-2023,CUST149,Beauty,4,30,271.0149
1154,08-07-2023,CUST222,Clothing,4,30,33.4549
1155,04-01-2023,CUST005,Beauty,4,30,1117.6543
1156,09-11-2023,CUST840,Beauty,3,300,1875.1188
1157,11-09-2023,CUST931,Beauty,4,300,210.1882
1158,04-02-2023,CUST132,Beauty,2,300,958.3666
1159,26-08-2023,CUST506,Electronics,4,25,825.3259
1160,15-04-2023,CUST873,Clothing,4,300,202.8772
1161,19-02-2023,CUST973,Electronics,1,300,25.5631
1162,12-04-2023,CUST050,Electronics,2,30,911.2419
1163,05-05-2023,CUST488,Clothing,3,50,471.9189
1164,01-09-2023,CUST943,Electronics,2,25,87.2578
1165,24-06-2023,CUST080,Electronics,3,25,891.7177
1166,19-04-2023,CUST393,Electronics,4,300,48.6511
1167,26-12-2023,CUST317,Beauty,3,300,1956.0762
1168,31-10-2023,CUST346,Electronics,2,300,220.8253
1169,28-01-2023,CUST207,Clothing,4,30,896.754
1170,13-01-2023,CUST320,Clothing,4,30,603.1806
1171,15-01-2023,CUST471,Beauty,2,30,626.4357
1172,21-10-2023,CUST775,Clothing,3,300,50.2129
1173,05-06-2023,CUST621,Electronics,3,50,44.5415
1174,01-01-2024,CUST656,Clothing,1,25,1541.2487
1175,23-12-2023,CUST065,Electronics,4,50,97.3024
1176,26-06-2023,CUST237,Clothing,4,50,953.387
1177,20-03-2023,CUST597,Clothing,4,300,100.2126
1178,23-11-2023,CUST200,Clothing,1,500,65.0349
1179,01-01-2024,CUST845,Clothing,4,30,32.986
1180,06-07-2023,CUST445,Beauty,2,50,57.3127
1181,21-11-2023,CUST963,Electronics,1,50,55.8806
1182,14-07-2023,CUST330,Clothing,4,50,139.1254
1183,15-11-2023,CUST140,Beauty,2,50,34.9022
1184,17-06-2023,CUST144,Clothing,1,50,53.9852
1185,23-03-2023,CUST880,Beauty,3,300,1350.0433
1186,08-09-2023,CUST442,Beauty,2,25,887.9687
1187,28-02-2023,CUST980,Beauty,3,25,39.479
1188,10-10-2023,CUST292,Beauty,2,30,225.9414
1189,16-06-2023,CUST082,Clothing,1,500,28.6771
1190,25-07-2023,CUST864,Electronics,2,300,104.7545
1191,02-01-2023,CUST265,Beauty,1,300,147.6353
1192,05-03-2023,CUST102,Clothing,1,300,114.251
1193,20-03-2023,CUST154,Beauty,3,30,564.5117
1194,14-05-2023,CUST591,Clothing,4,25,460.1664
1195,05-09-2023,CUST112,Beauty,4,25,242.6146
1196,09-04-2023,CUST197,Beauty,1,500,1150.653
1197,27-02-2023,CUST365,Clothing,4,500,595.4594
1198,22-04-2023,CUST958,Electronics,1,25,100.906
1199,27-05-2023,CUST233,Clothing,3,300,1999.5451
1200,27-03-2023,CUST805,Electronics,3,500,1794.257
1201,26-12-2023,CUST301,Beauty,4,50,920.5421
1202,15-08-2023,CUST677,Electronics,1,500,25.8836
1203,09-02-2023,CUST764,Beauty,3,30,548.7934
1204,24-07-2023,CUST686,Electronics,1,25,1125.0973
1205,05-08-2023,CUST779,Beauty,1,25,524.3749
1206,06-11-2023,CUST545,Electronics,4,300,1198.4456
1207,22-07-2023,CUST568,Clothing,4,300,54.0551
1208,07-03-2023,CUST137,Clothing,3,50,86.4567
1209,17-09-2023,CUST071,Beauty,4,25,48.6563
1210,30-04-2023,CUST923,Electronics,2,300,
1211,15-01-2023,CUST572,Electronics,4,30,59.0547
1212,27-02-2023,CUST238,Electronics,3,300,227.4991
1213,04-06-2023,CUST124,Beauty,3,25,31.9976
1214,02-09-2023,CUST649,Electronics,1,500,1004.9103
1215,15-06-2023,CUST695,Electronics,3,25,64.2489
1216,02-08-2023,CUST073,Electronics,3,500,95.7977
1217,07-05-2023,CUST387,Clothing,2,300,120.9694
1218,03-03-2023,CUST608,Clothing,4,50,30.4159
1219,27-03-2023,CUST342,Beauty,4,500,94.1833
1220,04-05-2023,CUST784,Beauty,2,25,330.8216
1221,16-05-2023,CUST336,Clothing,4,300,336.8035
1222,16-11-2023,CUST603,Electronics,2,300,1756.3292
1223,19-04-2023,CUST996,Clothing,3,25,63.646
1224,20-06-2023,CUST869,Electronics,1,500,95.6929
1225,15-05-2023,CUST123,Clothing,1,25,58.9666
1226,22-10-2023,CUST567,Electronics,2,300,950.5981
1227,16-01-2023,CUST804,Clothing,4,30,1963.711
1228,08-04-2023,CUST890,Electronics,2,300,107.6278
1229,28-08-2023,CUST417,Beauty,4,50,59.0752
1230,20-02-2023,CUST879,Beauty,4,30,98.3614
1231,01-05-2023,CUST455,Beauty,4,25,96.5651
1232,12-03-2023,CUST236,Beauty,2,25,485.5071
1233,26-07-2023,CUST915,Clothing,4,30,98.8601
1234,06-03-2023,CUST206,Beauty,2,25,97.1068
1235,21-02-2023,CUST578,Clothing,3,500,33.8362
1236,23-04-2023,CUST525,Beauty,1,25,83.8921
1237,13-01-2023,CUST998,Clothing,1,500,1132.615
1238,27-06-2023,CUST663,Beauty,3,500,36.0661
1239,07-10-2023,CUST583,Beauty,4,25,1205.573
1240,22-01-2023,CUST871,Clothing,4,30,44.7179
1241,04-10-2023,CUST408,Electronics,3,30,188.8416
1242,24-11-2023,CUST883,Electronics,2,300,100.5659
1243,26-09-2023,CUST617,Electronics,3,30,92.6748
1244,26-03-2023,CUST926,Electronics,4,25,1144.0928
1245,12-07-2023,CUST671,Clothing,4,50,37.8347
1246,10-01-2023,CUST782,Clothing,4,30,217.0105
1247,28-04-2023,CUST174,Clothing,4,30,49.1929
1248,21-12-2023,CUST452,Clothing,3,300,822.3881
1249,18-04-2023,CUST687,Electronics,3,50,55.5482
1250,17-01-2023,CUST190,Clothing,3,500,533.6237
1251,08-04-2023,CUST491,Beauty,3,25,149.6663
1252,19-08-2023,CUST846,Clothing,4,30,548.0287
1253,22-04-2023,CUST797,Clothing,2,30,63.0902
1254,16-06-2023,CUST395,Clothing,3,300,97.5404
1255,20-04-2023,CUST220,Beauty,4,25,56.3338
1256,24-08-2023,CUST640,Beauty,3,50,1249.2021
1257,05-07-2023,CUST325,Clothing,3,50,48.4814
1258,13-01-2023,CUST911,Electronics,1,50,102.1573
1259,28-12-2023,CUST398,Clothing,3,300,50.3885
1260,14-07-2023,CUST372,Beauty,3,50,99.1617
1261,14-07-2023,CUST964,Clothing,1,30,284.4427
1262,11-10-2023,CUST345,Electronics,2,30,930.5645
1263,15-11-2023,CUST975,Beauty,3,500,1281.5495
1264,29-07-2023,CUST651,Beauty,1,300,35.44
1265,09-05-2023,CUST375,Clothing,4,50,58.9753
1266,12-08-2023,CUST146,Clothing,3,500,97.8641
1267,12-10-2023,CUST324,Clothing,1,25,25.8265
1268,07-10-2023,CUST199,Electronics,1,300,102.519
1269,28-08-2023,CUST705,Clothing,4,500,93.3649
1270,02-10-2023,CUST457,Clothing,2,30,996.1864
1271,06-08-2023,CUST308,Beauty,1,30,163.7795
1272,25-05-2023,CUST560,Clothing,4,500,1954.0706
1273,17-02-2023,CUST851,Beauty,2,500,84.205
1274,16-05-2023,CUST195,Electronics,3,25,805.8729
1275,29-01-2023,CUST703,Clothing,4,30,589.8809
1276,07-11-2023,CUST224,Clothing,4,500,25.3892
1277,28-02-2023,CUST914,Electronics,4,50,275.8918
1278,11-06-2023,CUST274,Electronics,2,300,331.3968
1279,25-02-2023,CUST295,Beauty,1,50,1385.5177
1280,19-07-2023,CUST078,Beauty,2,25,60.9328
1281,05-02-2023,CUST536,Electronics,4,500,29.3495
1282,11-01-2023,CUST108,Electronics,2,30,93.8913
1283,14-11-2023,CUST462,Clothing,4,30,101.6792
1284,17-05-2023,CUST664,Clothing,3,50,47.7571
1285,17-01-2023,CUST550,Electronics,4,25,119.5214
1286,08-02-2023,CUST917,Clothing,3,25,30.1164
1287,16-07-2023,CUST424,Clothing,4,50,98.2869
1288,15-07-2023,CUST054,Electronics,4,50,1328.0323
1289,27-12-2023,CUST803,Beauty,1,300,99.8594
1290,29-10-2023,CUST045,Clothing,2,300,72.9069
1291,19-06-2023,CUST118,Beauty,4,25,91.3354
1292,05-02-2023,CUST970,Beauty,4,50,106.1769
1293,09-12-2023,CUST577,Beauty,4,500,25.6889
1294,04-12-2023,CUST581,Electronics,4,300,54.4917
1295,26-05-2023,CUST531,Beauty,4,25,260.1406
1296,27-04-2023,CUST049,Clothing,3,300,257.4918
1297,04-05-2023,CUST285,Clothing,1,500,93.5561
1298,19-05-2023,CUST039,Beauty,1,300,211.5859
1299,15-09-2023,CUST745,Electronics,2,300,74.3573
1300,16-05-2023,CUST383,Clothing,4,500,31.4165
1301,24-12-2023,CUST347,Beauty,4,300,39.7582
1302,10-08-2023,CUST615,Beauty,1,500,367.1514
1303,05-08-2023,CUST719,Electronics,3,25,29.5448
1304,13-04-2023,CUST036,Electronics,2,25,96.3315
1305,07-11-2023,CUST685,Clothing,1,500,28.1509
1306,02-04-2023,CUST312,Clothing,2,300,138.5487
1307,15-12-2023,CUST126,Beauty,3,50,46.6156
1308,28-06-2023,CUST582,Beauty,2,50,265.7305
1309,07-05-2023,CUST760,Clothing,3,50,188.6947
1310,26-05-2023,CUST116,Clothing,1,50,105.0179
1311,19-11-2023,CUST416,Clothing,2,500,102.9861
1312,24-07-2023,CUST596,Electronics,4,25,57.7536
1313,05-02-2023,CUST761,Clothing,1,500,52.6607
1314,28-07-2023,CUST450,Electronics,4,25,126.0741
1315,07-12-2023,CUST513,Electronics,4,25,442.4618
1316,05-04-2023,CUST862,Beauty,3,300,859.385
1317,08-12-2023,CUST601,Beauty,4,30,848.1279
1318,21-09-2023,CUST151,Electronics,2,25,27.3253
1319,01-09-2023,CUST953,Clothing,3,30,590.1235
1320,30-01-2023,CUST284,Clothing,4,50,101.6288
1321,08-05-2023,CUST339,Beauty,4,30,46.6113
1322,03-01-2023,CUST103,Clothing,3,300,657.2766
1323,30-03-2023,CUST446,Electronics,1,30,935.2553
1324,14-10-2023,CUST509,Clothing,4,50,62.6582
1325,26-12-2023,CUST040,Electronics,3,300,523.5578
1326,07-09-2023,CUST272,Beauty,4,25,148.4801
1327,08-09-2023,CUST201,Beauty,4,25,87.4016
1328,22-08-2023,CUST030,Clothing,4,25,67.516
1329,26-10-2023,CUST088,Clothing,1,30,55.0747
1330,19-02-2023,CUST426,Electronics,4,300,1908.2738
1331,06-09-2023,CUST971,Electronics,2,500,194.1337
1332,02-02-2023,CUST553,Electronics,2,50,141.3743
1333,15-10-2023,CUST800,Electronics,3,50,1279.3453
1334,17-06-2023,CUST404,Clothing,4,50,874.1448
1335,14-11-2023,CUST316,Beauty,1,25,29.0799
1336,06-06-2023,CUST729,Electronics,1,50,36.4839
1337,31-10-2023,CUST769,Clothing,2,50,50.5772
1338,14-11-2023,CUST812,Clothing,4,50,845.8839
1339,07-01-2023,CUST474,Electronics,4,50,42.6889
1340,08-02-2023,CUST338,Beauty,4,300,177.871
1341,22-12-2023,CUST242,Beauty,4,50,1107.9495
1342,24-05-2023,CUST166,Beauty,1,50,365.5627
1343,29-10-2023,CUST181,Beauty,1,30,95.3012
1344,18-12-2023,CUST507,Beauty,3,500,877.8348
1345,29-10-2023,CUST752,Electronics,4,300,916.6597
1346,31-05-2023,CUST215,Beauty,4,50,206.1126
1347,04-10-2023,CUST749,Beauty,2,50,60.6637
1348,21-08-2023,CUST059,Beauty,2,300,58.3532
1349,21-08-2023,CUST068,Clothing,2,500,28.5455
1350,01-02-2023,CUST539,Clothing,1,30,1993.3407
1351,11-09-2023,CUST326,Beauty,4,30,75.8209
1352,08-08-2023,CUST551,Beauty,2,300,1161.3105
1353,23-05-2023,CUST121,Electronics,3,50,1240.9976
1354,30-04-2023,CUST672,Electronics,2,300,51.2728
1355,27-07-2023,CUST131,Beauty,1,500,96.0065
1356,01-01-2023,CUST276,Clothing,4,50,918.8309
1357,19-06-2023,CUST431,Beauty,1,50,105.5354
1358,16-10-2023,CUST837,Beauty,1,30,1150.2028
1359,11-02-2023,CUST437,Electronics,2,500,948.8465
1360,25-03-2023,CUST930,Beauty,2,50,916.3386
1361,05-12-2023,CUST989,Electronics,2,25,1980.9099
1362,27-02-2023,CUST261,Clothing,3,500,949.7259
1363,25-08-2023,CUST610,Electronics,1,50,72.4608
1364,11-02-2023,CUST444,Beauty,4,50,31.7999
1365,01-12-2023,CUST435,Electronics,1,300,60.3548
1366,05-07-2023,CUST456,Beauty,3,300,193.5616
1367,13-12-2023,CUST512,Clothing,3,300,232.6313
1368,01-12-2023,CUST076,Beauty,4,50,54.9308
1369,24-03-2023,CUST309,Beauty,1,30,138.6597
1370,28-05-2023,CUST949,Beauty,1,300,26.8227
1371,09-12-2023,CUST278,Clothing,1,50,1453.8403
1372,23-03-2023,CUST888,Electronics,2,500,99.5096
1373,31-03-2023,CUST694,Electronics,2,30,1375.593
1374,05-11-2023,CUST297,Electronics,1,300,912.6337
1375,04-08-2023,CUST399,Electronics,4,50,101.7176
1376,20-12-2023,CUST632,Beauty,4,25,904.272
1377,12-08-2023,CUST641,Beauty,4,25,123.5937
1378,29-12-2023,CUST403,Clothing,1,50,102.552
1379,03-08-2023,CUST938,Electronics,3,500,25.4385
1380,07-05-2023,CUST950,Clothing,4,300,575.4632
1381,24-12-2023,CUST867,Beauty,1,300,156.7049
1382,02-05-2023,CUST327,Clothing,3,30,87.6564
1383,28-09-2023,CUST733,Beauty,4,25,101.8646
1384,02-11-2023,CUST895,Clothing,3,500,1783.6548
1385,14-05-2023,CUST410,Clothing,4,25,58.4069
1386,22-11-2023,CUST032,Electronics,1,300,96.4585
1387,22-02-2023,CUST543,Electronics,3,25,100.3968
1388,01-04-2023,CUST957,Electronics,3,300,102.19
1389,28-04-2023,CUST831,Electronics,3,300,58.3836
1390,07-02-2023,CUST899,Clothing,1,50,101.3235
1391,09-09-2023,CUST693,Clothing,2,30,35.0804
1392,30-01-2023,CUST168,Beauty,4,25,453.6683
1393,22-02-2023,CUST451,Electronics,2,500,27.9508
1394,19-04-2023,CUST920,Beauty,2,25,183.3175
1395,27-05-2023,CUST844,Clothing,1,300,153.3727
1396,24-02-2023,CUST021,Beauty,1,500,186.1218
1397,24-01-2023,CUST922,Clothing,3,300,97.3302
1398,23-05-2023,CUST349,Clothing,1,500,840.976
1399,13-11-2023,CUST519,Electronics,3,300,1177.4625
1400,22-08-2023,CUST303,Beauty,3,500,1152.5555
1401,19-08-2023,CUST728,Clothing,4,500,181.1003
1402,18-03-2023,CUST772,Electronics,4,25,127.9887
1403,08-12-2023,CUST384,Clothing,4,30,931.6571
1404,15-06-2023,CUST438,Clothing,1,30,125.3092
1405,14-07-2023,CUST713,Electronics,3,50,59.4493
1406,19-05-2023,CUST221,Electronics,4,500,104.4163
1407,06-05-2023,CUST380,Clothing,4,50,59.1344
1408,23-04-2023,CUST249,Clothing,4,50,100.2061
1409,08-12-2023,CUST542,Beauty,1,500,584.9624
1410,14-01-2023,CUST932,Clothing,3,50,533.2383
1411,31-10-2023,CUST587,Electronics,4,50,1113.2254
1412,02-05-2023,CUST941,Electronics,2,300,55.2416
1413,05-04-2023,CUST153,Electronics,2,50,58.2667
1414,11-10-2023,CUST566,Electronics,2,50,68.8452
1415,20-04-2023,CUST824,Clothing,2,50,78.061
1416,18-12-2023,CUST311,Clothing,1,500,369.4438
1417,09-03-2023,CUST546,Clothing,1,500,99.3254
1418,02-12-2023,CUST196,Electronics,2,500,1512.9669
1419,21-05-2023,CUST988,Electronics,2,300,473.5834
1420,07-02-2023,CUST334,Electronics,4,500,209.802
1421,30-11-2023,CUST638,Clothing,3,30,243.5251
1422,29-06-2023,CUST905,Beauty,2,500,1837.7072
1423,17-05-2023,CUST187,Electronics,2,50,914.5358
1424,17-03-2023,CUST493,Electronics,3,300,970.4707
1425,28-11-2023,CUST368,Electronics,4,50,91.191
1426,09-12-2023,CUST592,Clothing,4,300,98.6654
1427,23-04-2023,CUST188,Clothing,1,30,87.7982
1428,25-03-2023,CUST544,Clothing,1,30,99.4924
1429,24-11-2023,CUST182,Electronics,2,500,902.6463
1430,23-12-2023,CUST428,Electronics,4,25,27.2369
1431,20-12-2023,CUST870,Beauty,1,30,104.4951
1432,01-10-2023,CUST747,Clothing,2,30,529.5401
1433,17-01-2023,CUST051,Clothing,3,25,419.3849
1434,12-12-2023,CUST723,Clothing,1,30,161.1923
1435,25-09-2023,CUST106,Clothing,3,25,94.2408
1436,09-07-2023,CUST838,Electronics,4,50,98.7527
1437,19-06-2023,CUST210,Beauty,3,50,1331.8769
1438,17-07-2023,CUST291,Electronics,1,500,48.0524
1439,25-07-2023,CUST860,Beauty,1,50,929.0276
1440,09-04-2023,CUST755,Clothing,3,50,40.0721
1441,04-04-2023,CUST918,Clothing,3,50,1424.8661
1442,09-07-2023,CUST562,Beauty,2,30,94.0126
1443,18-08-2023,CUST145,Clothing,2,50,101.9297
1444,12-04-2023,CUST579,Beauty,1,25,258.9103
1445,23-05-2023,CUST397,Beauty,2,300,1956.2445
1446,29-07-2023,CUST699,Beauty,4,500,560.53
1447,17-06-2023,CUST213,Beauty,4,50,231.5913
1448,08-05-2023,CUST976,Clothing,1,500,472.0564
1449,07-12-2023,CUST652,Electronics,1,300,946.3338
1450,06-05-2023,CUST425,Clothing,2,25,158.1226
1451,23-12-2023,CUST561,Beauty,4,25,924.4354
1452,05-01-2023,CUST735,Electronics,3,500,53.9215
1453,10-06-2023,CUST193,Clothing,2,30,46.5419
1454,23-10-2023,CUST497,Electronics,3,25,146.1705
1455,05-10-2023,CUST692,Clothing,4,50,33.1016
1456,22-03-2023,CUST335,Clothing,3,300,98.2919
1457,10-09-2023,CUST354,Beauty,1,30,206.35
1458,07-08-2023,CUST726,Electronics,1,300,871.7771
1459,12-10-2023,CUST117,Clothing,4,500,1951.3061
1460,24-04-2023,CUST731,Electronics,3,30,108.754
1461,01-11-2023,CUST999,Electronics,2,500,190.1715
1462,01-08-2023,CUST532,Clothing,2,30,580.8913
1463,12-05-2023,CUST598,Beauty,2,25,946.6102
1464,01-06-2023,CUST933,Clothing,1,25,56.0127
1465,27-11-2023,CUST318,Clothing,1,300,94.5006
1466,09-11-2023,CUST314,Electronics,1,500,117.4672
1467,27-08-2023,CUST650,Electronics,2,30,172.3411
1468,19-12-2023,CUST684,Beauty,4,300,1988.2013
1469,08-04-2023,CUST014,Beauty,4,300,1046.3754
1470,29-12-2023,CUST167,Beauty,2,500,580.7435
1471,30-01-2023,CUST908,Clothing,3,30,95.421
1472,23-05-2023,CUST219,Electronics,2,300,1958.2335
1473,28-09-2023,CUST645,Electronics,4,30,26.4955
1474,27-04-2023,CUST584,Clothing,2,300,28.9194
1475,24-04-2023,CUST647,Beauty,2,30,80.4334
1476,14-07-2023,CUST675,Clothing,1,500,898.4332
1477,08-07-2023,CUST848,Clothing,3,300,1151.0988
1478,20-06-2023,CUST505,Clothing,2,30,102.4097
1479,23-05-2023,CUST379,Beauty,2,30,32.4208
1480,07-09-2023,CUST836,Beauty,2,50,117.5608
1481,15-08-2023,CUST667,Clothing,2,300,102.9931
1482,25-03-2023,CUST673,Electronics,4,500,534.8035
1483,22-06-2023,CUST231,Electronics,2,50,48.2756
1484,28-01-2023,CUST287,Clothing,1,500,67.9885
1485,24-06-2023,CUST348,Beauty,2,500,243.3138
1486,27-11-2023,CUST034,Clothing,1,500,25.3819
1487,03-07-2023,CUST364,Electronics,1,50,28.7848
1488,23-06-2023,CUST758,Beauty,2,300,53.5363
1489,11-12-2023,CUST313,Clothing,4,30,881.9687
1490,07-03-2023,CUST708,Clothing,2,30,923.4968
1491,21-07-2023,CUST392,Clothing,4,50,1104.5184
1492,21-04-2023,CUST535,Beauty,4,25,32.5132
1493,25-10-2023,CUST251,Clothing,3,500,1958.3714
1494,29-12-2023,CUST405,Beauty,2,500,370.4291
1495,31-08-2023,CUST683,Electronics,3,25,1954.6108
1496,23-04-2023,CUST948,Electronics,4,50,1864.0154
1497,29-06-2023,CUST624,Electronics,2,50,100.9283
1498,10-06-2023,CUST796,Beauty,1,25,919.5899
1499,20-12-2023,CUST062,Electronics,1,500,232.9104
1500,18-09-2023,CUST977,Beauty,1,50,564.8514
1501,04-12-2023,CUST067,Beauty,4,50,1476.5192
1502,05-08-2023,CUST152,Beauty,4,50,45.7321
1503,12-12-2023,CUST094,Clothing,4,500,54.4003
1504,11-10-2023,CUST344,Electronics,1,25,480.638
1505,03-06-2023,CUST101,Electronics,4,50,26.3458
1506,25-09-2023,CUST170,Beauty,4,500,105.321
1507,05-05-2023,CUST262,Electronics,2,300,97.8845
1508,04-02-2023,CUST212,Clothing,3,300,115.4809
1509,04-11-2023,CUST748,Electronics,2,30,257.8734
1510,14-08-2023,CUST487,Clothing,1,500,1412.1635
1511,09-03-2023,CUST385,Beauty,1,300,921.8702
1512,05-03-2023,CUST352,Clothing,3,30,309.9292
1513,29-05-2023,CUST158,Clothing,4,30,1172.9522
1514,10-12-2023,CUST736,Electronics,1,300,59.1838
1515,20-05-2023,CUST449,Clothing,2,25,58.4818
1516,07-10-2023,CUST315,Beauty,2,500,210.9361
1517,06-08-2023,CUST063,Clothing,3,300,426.5202
1518,29-04-2023,CUST409,Clothing,4,30,597.6606
1519,02-10-2023,CUST648,Electronics,2,30,80.0669
1520,17-09-2023,CUST849,Electronics,2,50,46.2274
1521,28-07-2023,CUST178,Clothing,3,300,919.4123
1522,22-05-2023,CUST044,Clothing,2,30,1115.4889
1523,10-10-2023,CUST841,Clothing,2,25,1882.4365
1524,12-03-2023,CUST714,Beauty,2,300,27.3218
1525,24-03-2023,CUST951,Electronics,2,300,99.6557
1526,21-08-2023,CUST819,Beauty,4,50,33.4594
1527,05-11-2023,CUST628,Clothing,2,30,947.8379
1528,06-02-2023,CUST773,Electronics,1,25,139.5977
1529,15-07-2023,CUST960,Electronics,4,500,1367.733
1530,17-09-2023,CUST634,Clothing,4,300,158.0277
1531,15-08-2023,CUST555,Beauty,1,50,175.0246
1532,22-03-2023,CUST537,Beauty,3,25,85.8467
1533,13-07-2023,CUST884,Electronics,3,25,98.8173
1534,23-04-2023,CUST482,Clothing,2,25,477.5686
1535,21-03-2023,CUST969,Electronics,2,300,1305.0776
1536,22-01-2023,CUST353,Clothing,1,500,344.6931
1537,10-12-2023,CUST208,Electronics,2,500,102.8817
1538,18-06-2023,CUST302,Electronics,3,25,903.9204
1539,19-05-2023,CUST478,Clothing,4,500,1049.3856
1540,19-06-2023,CUST223,Beauty,2,50,97.9645
1541,05-08-2023,CUST042,Beauty,3,50,1373.2653
1542,02-12-2023,CUST092,Electronics,1,30,32.42
1543,27-07-2023,CUST771,Clothing,1,50,34.434
1544,16-05-2023,CUST606,Electronics,2,300,
1545,25-10-2023,CUST843,Beauty,2,25,31.4051
1546,16-05-2023,CUST469,Beauty,4,300,32.1545
1547,13-08-2023,CUST004,Beauty,4,500,527.4984
1548,27-08-2023,CUST835,Clothing,1,500,248.6321
1549,03-09-2023,CUST916,Clothing,2,300,197.6597
1550,27-07-2023,CUST763,Clothing,1,50,676.3223
1551,17-10-2023,CUST161,Beauty,3,30,70.2206
1552,05-02-2023,CUST717,Electronics,4,30,1268.3516
1553,21-08-2023,CUST813,Electronics,4,300,88.0764
1554,22-02-2023,CUST085,Electronics,1,300,48.5386
1555,16-02-2023,CUST008,Electronics,2,300,916.2891
1556,14-07-2023,CUST993,Clothing,4,25,58.1921
1557,29-08-2023,CUST376,Clothing,4,300,30.5795
1558,23-04-2023,CUST122,Electronics,2,25,569.2034
1559,03-05-2023,CUST852,Clothing,1,500,84.7844
1560,27-11-2023,CUST282,Electronics,4,300,105.2192
1561,17-02-2023,CUST698,Electronics,2,300,1240.025
1562,23-05-2023,CUST902,Beauty,4,30,927.3594
1563,14-02-2023,CUST827,Clothing,4,30,107.8135
1564,31-07-2023,CUST214,Beauty,2,500,1662.7422
1565,26-04-2023,CUST503,Beauty,4,25,110.0032
1566,18-12-2023,CUST486,Electronics,3,300,
1567,04-12-2023,CUST468,Electronics,3,50,29.7966
1568,16-10-2023,CUST666,Clothing,3,25,1948.9863
1569,11-04-2023,CUST360,Beauty,1,300,44.3622
1570,18-11-2023,CUST680,Electronics,3,500,106.5631
1571,13-05-2023,CUST574,Electronics,2,25,134.4212
1572,15-11-2023,CUST069,Clothing,2,25,97.1716
1573,20-04-2023,CUST600,Clothing,1,50,1204.9305
1574,09-04-2023,CUST066,Clothing,4,30,1070.9856
1575,20-01-2023,CUST266,Beauty,1,50,66.5776
1576,06-03-2023,CUST218,Clothing,1,25,212.0446
1577,24-02-2023,CUST842,Electronics,3,50,1782.9485
1578,14-10-2023,CUST026,Clothing,1,25,47.2424
1579,05-02-2023,CUST483,Clothing,2,500,26.0874
1580,04-01-2023,CUST515,Electronics,3,50,93.1005
1581,31-12-2023,CUST322,Beauty,4,500,103.8346
1582,07-01-2023,CUST646,Beauty,4,25,107.3634
1583,03-05-2023,CUST799,Electronics,1,30,170.6418
1584,23-03-2023,CUST868,Clothing,1,25,202.2777
1585,01-11-2023,CUST635,Electronics,3,500,45.3295
1586,26-10-2023,CUST248,Electronics,2,50,579.4061
1587,18-11-2023,CUST440,Clothing,1,500,1027.9146
1588,08-08-2023,CUST709,Beauty,3,50,301.9797
1589,20-12-2023,CUST217,Clothing,1,25,531.728
1590,14-07-2023,CUST453,Clothing,3,25,1181.6934
1591,09-07-2023,CUST612,Beauty,2,25,98.4178
1592,23-05-2023,CUST575,Beauty,1,50,80.9369
1593,02-03-2023,CUST828,Beauty,3,500,93.384
1594,01-11-2023,CUST386,Clothing,2,25,926.544
1595,11-10-2023,CUST912,Clothing,3,500,99.4977
1596,13-02-2023,CUST281,Clothing,3,30,1438.4955
1597,23-01-2023,CUST754,Electronics,2,50,1017.3031
1598,17-02-2023,CUST356,Electronics,4,500,1935.4024
1599,10-03-2023,CUST616,Beauty,1,25,173.783
1600,07-05-2023,CUST420,Electronics,1,30,52.5721
1601,04-08-2023,CUST205,Beauty,3,300,60.2643
1602,11-02-2023,CUST982,Electronics,2,25,240.1652
1603,15-08-2023,CUST590,Beauty,2,30,235.1699
1604,30-09-2023,CUST759,Beauty,2,30,892.8952
1605,03-08-2023,CUST179,Clothing,3,500,256.5478
1606,01-04-2023,CUST081,Beauty,2,30,1095.3139
1607,17-07-2023,CUST701,Clothing,2,50,882.5946
1608,07-05-2023,CUST766,Clothing,4,30,31.2154
1609,21-09-2023,CUST472,Electronics,4,30,69.5667
1610,25-02-2023,CUST940,Beauty,3,300,44.7436
1611,23-12-2023,CUST083,Electronics,2,50,247.3473
1612,08-06-2023,CUST087,Clothing,3,50,502.1171
1613,31-01-2023,CUST622,Beauty,3,25,207.1466
1614,16-10-2023,CUST133,Beauty,2,25,294.5962
1615,03-10-2023,CUST394,Electronics,4,30,1881.3286
1616,03-10-2023,CUST147,Beauty,4,30,566.3332
1617,10-12-2023,CUST712,Electronics,2,30,62.1345
1618,02-10-2023,CUST234,Electronics,4,50,101.4099
1619,01-07-2023,CUST241,Beauty,3,25,28.5845
1620,26-08-2023,CUST985,Beauty,1,300,27.1666
1621,17-09-2023,CUST156,Clothing,4,300,493.0689
1622,18-10-2023,CUST290,Electronics,3,25,1957.0457
1623,26-06-2023,CUST279,Clothing,1,50,1218.5574
1624,25-04-2023,CUST128,Clothing,1,50,29.5098
1625,06-02-2023,CUST756,Clothing,2,30,27.2859
1626,30-05-2023,CUST678,Electronics,4,25,67.1075
1627,24-08-2023,CUST866,Clothing,3,500,75.0917
1628,03-08-2023,CUST388,Clothing,4,300,49.3056
1629,01-11-2023,CUST850,Clothing,2,25,905.0957
1630,21-04-2023,CUST464,Electronics,4,300,126.6115
1631,23-05-2023,CUST017,Clothing,4,300,901.4508
1632,23-08-2023,CUST739,Electronics,3,50,1158.6882
1633,14-07-2023,CUST629,Electronics,3,30,586.506
1634,04-09-2023,CUST029,Clothing,3,300,966.1052
1635,20-03-2023,CUST508,Electronics,2,300,31.0407
1636,18-05-2023,CUST427,Clothing,1,50,142.1484
1637,14-01-2023,CUST858,Beauty,1,500,1119.307
1638,19-10-2023,CUST412,Electronics,4,30,244.3285
1639,09-06-2023,CUST340,Electronics,2,25,103.8722
1640,13-10-2023,CUST936,Clothing,4,30,992.8058
1641,21-05-2023,CUST997,Clothing,4,50,1777.3899
1642,10-04-2023,CUST897,Clothing,2,500,29.3554
1643,29-06-2023,CUST630,Clothing,1,300,61.1861
1644,19-06-2023,CUST134,Clothing,4,300,1282.4803
1645,03-12-2023,CUST826,Beauty,3,50,555.0504
1646,07-11-2023,CUST310,Beauty,3,30,139.5066
1647,01-09-2023,CUST746,Clothing,4,300,142.2479
1648,14-01-2023,CUST107,Clothing,4,500,71.9024
1649,06-01-2023,CUST414,Beauty,3,50,128.4547
1650,06-11-2023,CUST937,Beauty,1,25,1357.3652
1651,30-10-2023,CUST095,Beauty,3,25,79.2962
1652,04-10-2023,CUST876,Clothing,4,30,87.4721
1653,23-08-2023,CUST725,Electronics,4,300,29.4656
1654,21-01-2023,CUST520,Clothing,3,30,1985.0073
1655,03-03-2023,CUST373,Beauty,3,30,54.8518
1656,08-04-2023,CUST391,Electronics,2,50,97.9889
1657,23-01-2023,CUST636,Beauty,3,30,1852.6203
1658,31-01-2023,CUST604,Beauty,1,30,970.9951
1659,24-06-2023,CUST243,Beauty,4,30,807.371
1660,06-05-2023,CUST557,Clothing,3,25,625.5113
1661,05-07-2023,CUST552,Clothing,1,500,304.8053
1662,05-02-2023,CUST172,Clothing,3,50,156.3522
1663,02-11-2023,CUST501,Electronics,3,25,103.8474
1664,17-12-2023,CUST018,Clothing,2,300,66.3189
1665,26-04-2023,CUST832,Beauty,4,25,55.4351
1666,08-04-2023,CUST966,Electronics,1,500,28.1537
1667,01-05-2023,CUST893,Beauty,3,500,32.5091
1668,15-04-2023,CUST770,Clothing,2,25,437.5652
1669,23-01-2023,CUST618,Electronics,2,25,119.3746
1670,06-04-2023,CUST887,Electronics,1,300,1264.0039
1671,27-01-2023,CUST377,Clothing,1,50,103.3485
1672,08-03-2023,CUST863,Beauty,2,30,27.5174
1673,28-02-2023,CUST359,Beauty,4,25,97.0543
1674,10-05-2023,CUST994,Beauty,4,500,266.2927
1675,05-07-2023,CUST277,Clothing,1,30,516.8481
1676,11-06-2023,CUST788,Beauty,2,30,1034.059
1677,12-08-2023,CUST173,Clothing,4,300,65.9537
1678,29-08-2023,CUST921,Beauty,4,50,38.4337
1679,13-09-2023,CUST992,Beauty,2,300,53.3722
1680,01-04-2023,CUST720,Clothing,3,500,1120.0708
1681,06-09-2023,CUST924,Electronics,1,50,1261.2486
1682,01-05-2023,CUST401,Beauty,4,300,540.698
1683,12-10-2023,CUST319,Clothing,2,30,73.5717
1684,03-06-2023,CUST825,Electronics,3,500,493.3428
1685,07-06-2023,CUST563,Beauty,1,300,99.0616
1686,13-03-2023,CUST854,Beauty,3,300,50.82
1687,08-01-2023,CUST741,Clothing,2,50,45.4505
1688,05-12-2023,CUST402,Electronics,3,25,1832.8596
1689,21-11-2023,CUST015,Beauty,3,500,877.3671
1690,20-04-2023,CUST974,Clothing,1,300,53.8246
1691,23-10-2023,CUST559,Beauty,3,25,301.8949
1692,04-05-2023,CUST962,Clothing,4,30,37.3167
1693,11-07-2023,CUST878,Clothing,4,50,100.3727
1694,20-03-2023,CUST130,Clothing,4,500,140.67
1695,28-12-2023,CUST031,Clothing,3,500,1816.8457
1696,11-01-2023,CUST429,Clothing,3,50,93.1999
1697,12-04-2023,CUST801,Clothing,3,25,99.7197
1698,27-05-2023,CUST263,Clothing,3,30,49.5286
1699,30-06-2023,CUST023,Clothing,3,25,843.2624
1700,10-02-2023,CUST783,Clothing,1,50,317.699
1701,22-09-2023,CUST046,Electronics,1,50,89.507
1702,24-07-2023,CUST751,Electronics,3,500,1953.9236
1703,18-04-2023,CUST906,Clothing,4,300,98.3782
1704,03-02-2023,CUST323,Beauty,1,300,64.762
1705,01-01-2023,CUST830,Clothing,3,300,1081.3073
1706,29-04-2023,CUST407,Clothing,3,25,892.7654
1707,22-11-2023,CUST558,Beauty,3,25,1975.7747
1708,17-11-2023,CUST877,Clothing,1,300,111.0397
1709,11-07-2023,CUST244,Clothing,1,50,100.3229
1710,19-07-2023,CUST060,Electronics,3,30,356.245
1711,05-02-2023,CUST235,Electronics,4,50,208.4744
1712,12-11-2023,CUST129,Beauty,4,30,147.6024
1713,24-10-2023,CUST658,Clothing,2,25,61.0399
1714,24-10-2023,CUST792,Clothing,3,30,1927.8336
1715,03-11-2023,CUST239,Beauty,2,300,1170.0172
1716,20-05-2023,CUST479,Electronics,1,25,65.9579
1717,13-08-2023,CUST053,Electronics,1,50,214.7743
1718,08-01-2023,CUST138,Clothing,4,50,563.5872
1719,24-02-2023,CUST113,Clothing,4,300,36.4512
1720,26-07-2023,CUST990,Electronics,3,500,572.6799
1721,06-01-2023,CUST818,Beauty,4,500,102.3576
1722,19-07-2023,CUST886,Beauty,3,50,234.1627
1723,02-11-2023,CUST626,Electronics,1,30,100.9729
1724,13-02-2023,CUST473,Beauty,3,25,227.1301
1725,05-08-2023,CUST904,Clothing,4,300,1255.7171
1726,04-06-2023,CUST216,Beauty,1,30,63.1569
1727,22-05-2023,CUST518,Beauty,3,30,96.8302
1728,18-08-2023,CUST286,Electronics,4,30,41.6659
1729,16-05-2023,CUST466,Beauty,2,300,1997.9422
1730,22-02-2023,CUST681,Beauty,3,300,96.2334
1731,07-11-2023,CUST691,Electronics,1,25,62.7477
1732,25-05-2023,CUST114,Clothing,2,50,926.3126
1733,17-11-2023,CUST700,Electronics,1,25,95.0047
1734,15-05-2023,CUST809,Clothing,4,25,124.9856
1735,03-02-2023,CUST743,Beauty,1,300,1161.0493
1736,05-05-2023,CUST642,Clothing,2,500,46.619
1737,28-07-2023,CUST704,Electronics,3,500,463.4072
1738,19-04-2023,CUST834,Beauty,1,50,68.7921
1739,09-12-2023,CUST296,Beauty,3,50,183.9344
1740,16-05-2023,CUST643,Clothing,3,300,159.7934
1741,27-08-2023,CUST662,Clothing,1,50,256.9004
1742,26-02-2023,CUST461,Clothing,4,500,51.7367
1743,07-03-2023,CUST374,Clothing,3,300,60.6837
1744,29-11-2023,CUST502,Electronics,1,30,32.8619
1745,12-04-2023,CUST470,Clothing,2,500,124.064
1746,11-12-2023,CUST259,Clothing,4,300,45.3499
1747,07-11-2023,CUST829,Beauty,3,50,930.8683
1748,09-12-2023,CUST300,Electronics,2,25,544.0357
1749,18-08-2023,CUST952,Electronics,1,50,29.3227
1750,04-04-2023,CUST742,Electronics,1,25,64.1377
1751,23-11-2023,CUST857,Electronics,2,25,1173.05
1752,17-05-2023,CUST794,Clothing,1,25,1900.4408
1753,26-01-2023,CUST371,Clothing,4,50,114.0383
1754,14-12-2023,CUST874,Beauty,2,25,548.3818
1755,14-09-2023,CUST013,Clothing,1,25,1148.0678
1756,19-07-2023,CUST226,Clothing,3,25,1759.4202
1757,08-06-2023,CUST540,Electronics,3,30,1320.1308
1758,31-01-2023,CUST495,Beauty,3,25,247.0587
1759,04-10-2023,CUST136,Clothing,3,30,62.0887
1760,16-05-2023,CUST710,Beauty,4,300,173.3028
1761,16-04-2023,CUST139,Beauty,2,300,278.5791
1762,13-04-2023,CUST229,Clothing,2,30,59.4318
1763,06-12-2023,CUST378,Clothing,4,50,567.2625
1764,20-03-2023,CUST343,Clothing,2,30,1005.0016
1765,19-09-2023,CUST945,Electronics,3,25,101.2603
1766,31-05-2023,CUST037,Electronics,1,500,902.6708
1767,05-06-2023,CUST010,Beauty,2,500,32.6197
1768,25-06-2023,CUST549,Beauty,3,500,930.0849
1769,02-09-2023,CUST744,Electronics,1,300,53.4097
1770,02-05-2023,CUST406,Clothing,2,500,26.5797
1771,23-04-2023,CUST433,Clothing,4,25,25.294
1772,23-11-2023,CUST361,Clothing,2,30,322.8903
1773,18-04-2023,CUST089,Beauty,3,25,55.2186
1774,26-12-2023,CUST569,Electronics,3,300,49.9496
1775,09-08-2023,CUST203,Clothing,4,50,62.7709
1776,09-10-2023,CUST498,Beauty,3,30,80.9051
1777,26-06-2023,CUST872,Beauty,1,500,158.7919
1778,18-04-2023,CUST528,Clothing,3,25,264.309
1779,27-01-2023,CUST724,Beauty,2,50,111.2151
1780,04-10-2023,CUST814,Beauty,4,500,570.1736
1781,09-04-2023,CUST165,Electronics,2,30,195.7126
1782,17-12-2023,CUST1000,Electronics,1,50,1201.4384
1783,21-06-2023,CUST730,Electronics,1,300,97.7706
1784,17-02-2023,CUST159,Beauty,1,30,881.3657
1785,26-11-2023,CUST791,Clothing,4,500,98.4196
1786,20-04-2023,CUST753,Electronics,4,300,1953.172
1787,23-05-2023,CUST064,Clothing,4,300,439.4819
1788,19-01-2023,CUST613,Beauty,1,30,28.3116
1789,28-11-2023,CUST595,Beauty,3,300,133.1926
1790,04-04-2023,CUST639,Clothing,4,300,79.2222
1791,25-11-2023,CUST780,Electronics,2,25,54.7737
1792,29-08-2023,CUST609,Beauty,1,300,92.7279
1793,31-05-2023,CUST787,Beauty,3,50,64.918
1794,21-03-2023,CUST523,Clothing,3,50,552.8484
1795,04-08-2023,CUST541,Electronics,4,500,42.5394
1796,13-02-2023,CUST247,Electronics,3,300,1938.7859
1797,31-08-2023,CUST328,Beauty,2,50,51.2539
1798,02-11-2023,CUST529,Electronics,4,300,50.3231
1799,16-09-2023,CUST721,Clothing,4,25,1998.9643
1800,02-04-2023,CUST961,Electronics,1,500,347.1332
1801,16-01-2023,CUST757,Clothing,1,50,1884.9958
1802,13-10-2023,CUST485,Beauty,3,500,96.8173
1803,18-03-2023,CUST965,Electronics,1,500,1780.3645
1804,07-03-2023,CUST252,Beauty,2,25,1955.4151
1805,11-03-2023,CUST847,Electronics,1,500,506.8612
1806,29-09-2023,CUST119,Clothing,1,30,147.0234
1807,30-11-2023,CUST024,Beauty,1,25,62.3287
1808,02-01-2023,CUST358,Clothing,3,25,92.2319
1809,26-01-2023,CUST494,Beauty,4,50,1395.6469
1810,04-06-2023,CUST668,Beauty,3,500,47.0842
1811,25-02-2023,CUST086,Beauty,4,50,98.5184
1812,24-06-2023,CUST305,Beauty,2,25,1888.9913
1813,15-08-2023,CUST075,Beauty,4,300,577.887
1814,18-12-2023,CUST734,Beauty,3,300,55.0892
1815,13-11-2023,CUST260,Clothing,1,500,65.5579
1816,22-03-2023,CUST607,Clothing,4,500,979.4455
1817,08-02-2023,CUST611,Electronics,3,500,65.1081
1818,26-12-2023,CUST271,Beauty,2,300,92.2019
1819,30-07-2023,CUST653,Clothing,1,25,108.449
1820,01-07-2023,CUST363,Beauty,1,25,98.0387
1821,05-12-2023,CUST983,Beauty,3,50,101.5982
1822,11-02-2023,CUST164,Electronics,3,30,855.2123
1823,25-01-2023,CUST370,Clothing,2,30,48.8332
1824,19-03-2023,CUST944,Electronics,1,30,35.2635
1825,02-01-2023,CUST043,Clothing,2,25,1598.9447
1826,03-07-2023,CUST514,Electronics,1,25,168.8701
1827,21-08-2023,CUST823,Beauty,2,300,239.475
1828,03-10-2023,CUST633,Clothing,3,25,98.543
1829,11-01-2023,CUST148,Beauty,2,25,101.3329
1830,09-08-2023,CUST820,Beauty,3,25,142.707
1831,30-05-2023,CUST492,Clothing,1,25,96.3407
1832,09-06-2023,CUST022,Clothing,4,300,57.1478
1833,01-02-2023,CUST534,Beauty,4,30,1391.4516
1834,23-10-2023,CUST111,Beauty,2,25,97.5042
1835,18-09-2023,CUST806,Beauty,3,500,173.6627
1836,04-06-2023,CUST959,Clothing,2,300,57.463
1837,31-08-2023,CUST105,Electronics,4,30,1184.5765
1838,25-11-2023,CUST627,Beauty,2,300,99.0991
1839,22-06-2023,CUST808,Electronics,4,30,37.9426
1840,14-08-2023,CUST547,Electronics,4,30,32.325
1841,09-06-2023,CUST737,Electronics,3,30,1469.7076
1842,02-01-2023,CUST768,Clothing,1,25,1731.086
1843,19-10-2023,CUST697,Beauty,2,25,1274.7844
1844,13-12-2023,CUST892,Clothing,4,30,81.3167
1845,14-07-2023,CUST793,Clothing,1,30,76.8938
1846,29-09-2023,CUST400,Beauty,3,300,313.2059
1847,24-06-2023,CUST995,Beauty,2,50,103.2357
1848,06-12-2023,CUST255,Electronics,4,50,38.5735
1849,15-08-2023,CUST661,Beauty,2,30,25.3079
1850,05-08-2023,CUST935,Beauty,3,30,892.9725
1851,01-03-2023,CUST057,Beauty,3,30,59.195
1852,10-04-2023,CUST099,Clothing,4,30,32.4442
1853,13-06-2023,CUST499,Clothing,2,500,399.5274
1854,09-08-2023,CUST530,Clothing,2,30,217.6248
1855,26-08-2023,CUST556,Electronics,2,50,107.0745
1856,26-01-2023,CUST822,Clothing,2,50,56.6635
1857,20-05-2023,CUST332,Beauty,2,25,587.6417
1858,06-05-2023,CUST185,Electronics,3,500,28.7352
1859,04-10-2023,CUST802,Beauty,4,50,1962.6383
1860,16-09-2023,CUST909,Clothing,4,50,50.1953
1861,01-07-2023,CUST623,Electronics,1,30,1531.636
1862,10-06-2023,CUST028,Clothing,1,50,1296.8114
1863,02-06-2023,CUST490,Clothing,1,500,218.8905
1864,06-09-2023,CUST955,Electronics,2,300,87.4972
1865,06-12-2023,CUST072,Beauty,1,50,1033.2739
1866,21-01-2023,CUST273,Clothing,1,50,29.2948
1867,23-12-2023,CUST093,Beauty,1,300,88.2975
1868,08-09-2023,CUST853,Electronics,2,50,67.5971
1869,09-04-2023,CUST833,Electronics,2,300,25.0428
1870,19-08-2023,CUST460,Electronics,4,300,1679.3496
1871,20-10-2023,CUST475,Electronics,2,50,48.897
1872,04-03-2023,CUST910,Clothing,2,300,915.6716
1873,17-02-2023,CUST091,Electronics,3,50,168.4747
1874,12-02-2023,CUST422,Electronics,3,500,368.4128
1875,23-07-2023,CUST614,Clothing,2,500,66.7728
1876,11-10-2023,CUST885,Clothing,1,30,108.3936
1877,18-10-2023,CUST436,Clothing,1,25,25.404
1878,16-12-2023,CUST593,Electronics,3,500,27.8232
1879,08-10-2023,CUST669,Electronics,1,500,28.244
1880,09-08-2023,CUST722,Electronics,4,30,635.9588
1881,25-05-2023,CUST096,Beauty,3,30,1760.336
1882,22-10-2023,CUST981,Clothing,1,500,32.6639
1883,10-11-2023,CUST025,Clothing,2,25,96.0131
1884,06-02-2023,CUST954,Beauty,3,300,329.0489
1885,20-08-2023,CUST001,Electronics,4,500,87.2989
1886,22-07-2023,CUST778,Clothing,3,300,101.1924
1887,16-12-2023,CUST306,Clothing,2,25,99.0221
1888,06-12-2023,CUST269,Beauty,3,25,1244.8809
1889,05-08-2023,CUST856,Clothing,4,30,917.66
1890,05-12-2023,CUST986,Electronics,3,300,541.0496
1891,29-11-2023,CUST184,Clothing,4,30,299.4923
1892,08-11-2023,CUST781,Beauty,3,50,86.6301
1893,10-10-2023,CUST480,Electronics,1,300,121.3849
1894,28-03-2023,CUST570,Clothing,1,300,98.003
1895,23-12-2023,CUST500,Electronics,1,500,26.8232
1896,07-10-2023,CUST929,Clothing,2,500,981.7939
1897,28-12-2023,CUST125,Clothing,4,500,129.5784
1898,25-04-2023,CUST861,Electronics,1,300,28.0199
1899,18-09-2023,CUST665,Clothing,4,50,172.1113
1900,01-01-2023,CUST865,Electronics,1,25,1400.6737
1901,01-07-2023,CUST175,Electronics,2,300,60.1255
1902,01-03-2023,CUST810,Clothing,4,500,256.6977
1903,16-05-2023,CUST467,Clothing,4,50,1059.511
1904,11-08-2023,CUST967,Beauty,4,25,352.6255
1905,22-02-2023,CUST418,Clothing,4,25,518.6592
1906,03-03-2023,CUST882,Beauty,1,300,254.4732
1907,25-09-2023,CUST767,Clothing,3,30,520.9813
1908,19-04-2023,CUST987,Beauty,3,30,1614.4468
1909,11-10-2023,CUST732,Beauty,2,25,222.7038
1910,19-12-2023,CUST855,Beauty,4,30,103.1769
1911,14-05-2023,CUST169,Clothing,1,30,433.9129
1912,10-10-2023,CUST275,Electronics,4,50,1216.3286
1913,24-07-2023,CUST110,Clothing,4,300,52.9422
1914,19-10-2023,CUST786,Clothing,4,30,255.1841
1915,19-12-2023,CUST011,Beauty,1,500,594.1964
1916,09-10-2023,CUST253,Beauty,3,300,54.2782
1917,08-05-2023,CUST382,Clothing,1,25,219.4963
1918,17-03-2023,CUST357,Clothing,3,50,66.4476
1919,18-11-2023,CUST476,Clothing,1,30,31.0972
1920,13-03-2023,CUST307,Electronics,3,50,146.7755
1921,09-05-2023,CUST104,Clothing,4,30,72.2793
1922,14-07-2023,CUST192,Beauty,4,300,1998.3808
1923,21-11-2023,CUST448,Beauty,3,300,98.1059
1924,09-10-2023,CUST411,Clothing,4,25,27.138
1925,02-06-2023,CUST928,Electronics,2,25,52.6793
1926,26-01-2023,CUST526,Clothing,2,25,919.0738
1927,09-01-2023,CUST637,Electronics,1,30,25.8694
1928,09-09-2023,CUST785,Electronics,3,25,66.2813
1929,09-12-2023,CUST061,Beauty,1,500,242.8746
1930,24-10-2023,CUST925,Clothing,2,30,27.9103
1931,28-09-2023,CUST580,Beauty,1,300,296.0155
1932,08-05-2023,CUST715,Clothing,2,500,1276.3134
1933,10-03-2023,CUST527,Electronics,3,25,28.0431
1934,11-08-2023,CUST511,Beauty,3,25,524.7852
1935,03-10-2023,CUST682,Clothing,2,300,113.1783
1936,25-12-2023,CUST798,Beauty,1,25,378.0877
1937,01-06-2023,CUST903,Electronics,1,500,57.3196
1938,30-01-2023,CUST821,Electronics,3,50,49.9272
1939,15-12-2023,CUST790,Electronics,3,25,1913.6693
1940,01-10-2023,CUST939,Electronics,2,25,449.0396
1941,23-08-2023,CUST795,Clothing,4,300,540.2924
1942,24-02-2023,CUST689,Beauty,3,30,268.941
1943,28-08-2023,CUST807,Electronics,3,500,187.71
1944,01-02-2023,CUST716,Beauty,4,30,1126.4481
1945,27-12-2023,CUST280,Beauty,4,50,542.185
1946,27-02-2023,CUST246,Beauty,1,500,25.2122
1947,29-12-2023,CUST702,Clothing,1,50,1964.1508
1948,27-10-2023,CUST202,Beauty,3,50,1968.7322
1949,26-03-2023,CUST009,Electronics,4,300,96.7022
1950,28-01-2023,CUST020,Clothing,4,25,94.9459
1951,02-04-2023,CUST707,Electronics,4,50,148.5997
1952,03-05-2023,CUST367,Beauty,2,300,27.6901
1953,09-09-2023,CUST690,Clothing,3,50,31.1328
1954,11-10-2023,CUST927,Electronics,2,25,286.5374
1955,09-11-2023,CUST454,Electronics,2,25,78.3494
1956,06-07-2023,CUST142,Beauty,1,500,1924.7667
1957,18-05-2023,CUST270,Clothing,3,300,51.8269
1958,01-09-2023,CUST283,Electronics,3,500,557.9741
1959,25-08-2023,CUST815,Electronics,4,500,112.1301
1960,30-09-2023,CUST510,Electronics,3,300,30.0021
1961,05-09-2023,CUST565,Clothing,4,30,104.5845
1962,27-10-2023,CUST817,Electronics,4,50,1557.6391
1963,06-12-2023,CUST619,Electronics,2,300,93.2443
1964,13-01-2023,CUST434,Electronics,1,25,30.0631
1965,22-03-2023,CUST355,Beauty,2,500,1882.9609
1966,13-03-2023,CUST459,Beauty,4,30,98.2175
1967,02-02-2023,CUST070,Electronics,3,25,25.4348
1968,10-06-2023,CUST774,Clothing,4,500,193.7166
1969,25-08-2023,CUST048,Clothing,2,500,195.948
1970,27-01-2023,CUST264,Clothing,2,300,62.649
1971,12-06-2023,CUST423,Electronics,4,500,55.297
1972,17-11-2023,CUST979,Clothing,1,500,104.0696
1973,23-03-2023,CUST441,Clothing,3,500,162.9768
1974,06-06-2023,CUST585,Beauty,2,300,200.0962
1975,25-02-2023,CUST631,Clothing,3,500,1758.3859
1976,22-11-2023,CUST366,Electronics,2,50,99.122
1977,30-06-2023,CUST484,Electronics,4,300,520.9178
1978,09-04-2023,CUST533,Electronics,2,25,58.5985
1979,08-08-2023,CUST602,Clothing,2,500,99.8346
1980,14-12-2023,CUST194,Electronics,3,30,63.8454
1981,07-08-2023,CUST141,Clothing,3,500,122.5594
1982,08-05-2023,CUST293,Electronics,1,50,71.4532
1983,20-02-2023,CUST041,Beauty,4,30,30.867
1984,19-10-2023,CUST396,Clothing,1,50,43.0206
1985,03-10-2023,CUST984,Beauty,2,25,1309.5858
1986,02-12-2023,CUST027,Electronics,2,50,1315.6512
1987,16-07-2023,CUST227,Electronics,2,500,95.5969
1988,15-10-2023,CUST740,Electronics,1,300,100.9908
1989,22-06-2023,CUST875,Electronics,1,50,131.0796
1990,08-08-2023,CUST228,Electronics,1,50,947.4807
1991,09-03-2023,CUST891,Beauty,1,25,194.3014
1992,26-03-2023,CUST289,Clothing,1,50,110.5817
1993,27-08-2023,CUST180,Beauty,2,300,97.1906
1994,06-03-2023,CUST225,Electronics,1,25,139.875
1995,11-06-2023,CUST321,Beauty,2,25,923.8488
1996,13-05-2023,CUST900,Clothing,4,25,175.792
1997,05-05-2023,CUST256,Beauty,3,300,844.091
1998,17-10-2023,CUST189,Clothing,2,25,30.3196
1999,07-09-2023,CUST439,Beauty,1,25,103.0095
2000,04-08-2023,CUST245,Clothing,3,25,165.0806
